player_id,name,team,resolved_name,match_status,match_score,matched_by,source,notes
3765,M. James,EFS,Mike James,exact,100.0,exact,prices,
3766,S. Vezenkov,OLY,Sasha Vezenkov,exact,100.0,exact,prices,
3767,S. Larkin,FBT,Shane Larkin,exact,100.0,exact,prices,
3768,M. Lessort,PAO,Mathias Lessort,exact,100.0,exact,prices,
3769,W. Tavares,RMB,Walter Tavares,exact,100.0,exact,prices,
3770,C. Moneke,CZV,Chima Moneke,exact,100.0,exact,prices,
3771,W. Baldwin,FBT,Wade Baldwin,exact,100.0,exact,prices,
3772,F. Campazzo,RMB,Facundo Campazzo,exact,100.0,exact,prices,
3773,N. Mirotic,VBC,Nikola Mirotic,confirmed,,agent,web,Valencia Basket signed Nikola Mirotic for 2026-27 https://www.valenciabasket.com/en/valencia-basket-signs-nikola-mirotic-for-the-2026-27-season
3774,T. Shengelia,DUB,Tornike Shengelia,exact,100.0,exact,prices,
3775,S. Shields,FBT,Shavon Shields,exact,100.0,exact,prices,
3776,W. Gabriel,BJK,Wenyen Gabriel,exact,100.0,exact,prices,
3777,W. Clyburn,FBT,Will Clyburn,exact,100.0,exact,prices,
3779,K. Sloukas,PAO,Kostas Sloukas,exact,100.0,exact,prices,
3780,F. Korkmaz,BJK,Furkan Korkmaz,exact,100.0,exact,prices,
3782,N. Milutinov,OLY,Nikola Milutinov,exact,100.0,exact,prices,
3785,J. Nebo,BAR,Josh Nebo,exact,100.0,exact,prices,
3787,N. Hayes-davis,PAO,Nigel Hayes-Davis,exact,100.0,exact,prices,
3790,D. Musa,DUB,Dzanan Musa,exact,100.0,exact,prices,
3791,C. Jones,PAR,Carlik Jones,exact,100.0,exact,prices,
3792,J. Loyd,EFS,Jordan Loyd,exact,100.0,exact,prices,
3793,J. Nwora,CZV,Jordan Nwora,exact,100.0,exact,prices,
3794,K. Punter,BAR,Kevin Punter,exact,100.0,exact,prices,
3795,T. Shorts,VBC,TJ Shorts,exact,100.0,exact,prices,
3797,M. Fall,PAO,Moustapha Fall,exact,100.0,exact,prices,
3799,Z. Leday,HTA,Zach LeDay,exact,100.0,exact,prices,
3801,N. Melli,FBT,Nicolo Melli,exact,100.0,exact,prices,
3803,G. Deck,RMB,Gabriel Deck,exact,100.0,exact,prices,
3804,T. Sedekerskis,KBA,Tadas Sedekerskis,exact,100.0,exact,prices,
3805,K. Nunn,PAO,Kendrick Nunn,exact,100.0,exact,prices,
3806,D. Washington,BAY,Duane Washington,exact,100.0,exact,prices,
3807,E. Okobo,DUB,Elie Okobo,exact,100.0,exact,prices,
3808,C. Miller-Mcintyre,OLY,Codi Miller-McIntyre,exact,100.0,exact,prices,
3810,B. Colson,MTA,Bonzie Colson,exact,100.0,exact,prices,
3812,J. Hoard,MTA,Jaylen Hoard,exact,100.0,exact,prices,
3815,T. Forrest,FBT,Trent Forrest,exact,100.0,exact,prices,
3816,M. Howard,KBA,Markus Howard,exact,100.0,exact,prices,
3818,B. Caboclo,HTA,Bruno Caboclo,confirmed,,agent,web,Listed among Hapoel Tel Aviv 2026-27 forwards https://basketball.realgm.com/international/league/1/Euroleague/team/509/Hapoel-Tel-Aviv/rosters
3820,A. Peters,MIL,Alec Peters,exact,100.0,exact,prices,
3821,D. Hall,OLY,Donta Hall,exact,100.0,exact,prices,
3822,J. Bolomboy,ASV,Joel Bolomboy,exact,100.0,exact,prices,
3824,L. Vildoza,PAR,Luca Vildoza,exact,100.0,exact,prices,
3825,J. Hernangomez,PAO,Juancho Hernangomez,exact,100.0,exact,prices,
3826,F. Ntilikina,PBB,Frank Ntilikina,exact,100.0,exact,prices,
3828,G. Papagiannis,EFS,Georgios Papagiannis,exact,100.0,exact,prices,
3830,D. Sirvydis,ZAL,Deividas Sirvydis,exact,100.0,exact,prices,
3831,D. Thompson,MIL,Darius Thompson,exact,100.0,exact,prices,
3833,A. Brooks,VBC,Armoni Brooks,exact,100.0,exact,prices,
3834,N. Hifi,PBB,Nadir Hifi,exact,100.0,exact,prices,
3835,U. Garuba,RMB,Usman Garuba,exact,100.0,exact,prices,
3836,K. Mitoglou,PAO,Konstantinos Mitoglou,exact,100.0,exact,prices,
3838,C. Malcolm,EFS,Collin Malcolm,exact,100.0,exact,prices,
3841,T. Satoransky,HTA,Tomas Satoransky,exact,100.0,exact,prices,
3842,S. Wilbekin,BJK,Scottie Wilbekin,exact,100.0,exact,prices,
3843,M. Wright,MIL,Moses Wright,exact,100.0,exact,prices,
3845,J. Lauvergne,PAR,Joffrey Lauvergne,exact,100.0,exact,prices,
3846,T. Ward,OLY,Tyson Ward,exact,100.0,exact,prices,
3850,T. Maledon,RMB,Theo Maledon,exact,100.0,exact,prices,
3851,A. Feliz,RMB,Andres Feliz,exact,100.0,exact,prices,
3852,E. Ulanovas,ZAL,Edgaras Ulanovas,exact,100.0,exact,prices,
3853,J. Grant,PAO,Jerian Grant,exact,100.0,exact,prices,
3856,I. Cordinier,EFS,Isaia Cordinier,exact,100.0,exact,prices,
3857,D. Oturu,HTA,Dan Oturu,exact,100.0,exact,prices,
3859,V. Lucic,BAY,Vladimir Lucic,exact,100.0,exact,prices,
3860,D. Booker,MIL,Devin Booker,exact,100.0,exact,prices,
3861,T. Walkup,DUB,Thomas Walkup,exact,100.0,exact,prices,
3862,J. Rivero,VBC,Jasiel Rivero,confirmed,,agent,web,"Valencia Basket signed Jasiel Rivero on a one-month contract for preseason/start of season, listed as C https://www.valenciabasket.com/en/valencia-basket-signs-nikola-mirotic-for-the-2026-27-season"
3864,T. Luwawu-Cabarrot,RMB,Timothe Luwawu-Cabarrot,exact,100.0,exact,prices,
3867,K. Papanikolaou,OLY,Kostas Papanikolaou,exact,100.0,exact,prices,
3869,M. Jantunen,RMB,Mikael Jantunen,exact,100.0,exact,prices,
3870,T. Jones,OLY,Tyrique Jones,exact,100.0,exact,prices,
3874,T. Dorsey,OLY,Tyler Dorsey,exact,100.0,exact,prices,
3875,M. Guduric,MIL,Marko Guduric,exact,100.0,exact,prices,
3880,D. Willis,PAR,Derek Willis,exact,100.0,exact,prices,
3881,L. Bolmaro,MIL,Leandro Bolmaro,exact,100.0,exact,prices,
3883,J. Voigtmann,BAY,Johannes Voigtmann,exact,100.0,exact,prices,
3884,N. Sako,VBC,Neal Sako,exact,100.0,exact,prices,
3886,D. Hackett,VIR,Daniel Hackett,exact,100.0,exact,prices,
3887,S. Francisco,PAO,Sylvain Francisco,exact,100.0,exact,prices,
3888,S. Brown,ZAL,Sterling Brown,exact,100.0,exact,prices,
3891,V. Brown,BJK,Vitto Brown,exact,100.0,exact,prices,
3892,R. Jokubaitis,BAY,Rokas Jokubaitis,exact,100.0,exact,prices,
3896,J. Nunez,BAR,Juan Nunez,exact,100.0,exact,prices,
3898,A. Zizic,BJK,Ante Zizic,exact,100.0,exact,prices,
3899,C. Edwards,ZAL,Carsen Edwards,exact,100.0,exact,prices,
3903,E. Bryant,HTA,Elijah Bryant,exact,100.0,exact,prices,
3904,J. Anderson,DUB,Justin Anderson,exact,100.0,exact,prices,
3905,I. Lundberg,MTA,Iffe Lundberg,exact,100.0,exact,prices,
3907,J. Blossomgame,DUB,Jaron Blossomgame,exact,100.0,exact,prices,
3910,R. Sorkin,MTA,Roman Sorkin,exact,100.0,exact,prices,
3911,K. Hayes,PAR,Kevarrius Hayes,exact,100.0,exact,prices,
3914,N. Williams-Goss,ZAL,Nigel Williams-Goss,exact,100.0,exact,prices,
3915,M. Spagnolo,KBA,Matteo Spagnolo,exact,100.0,exact,prices,
3916,G. Procida,RMB,Gabriele Procida,exact,100.0,exact,prices,
3917,K. Baldwin,BAY,Kamar Baldwin,exact,100.0,exact,prices,
3918,M. Grigonis,ZAL,Marius Grigonis,exact,100.0,exact,prices,
3925,D. Hall,MIL,Devon Hall,exact,100.0,exact,prices,
3926,F. Petrusev,DUB,Filip Petrusev,exact,100.0,exact,prices,
3927,D. Hommes,PBB,Daulton Hommes,exact,100.0,exact,prices,
3930,Y. Madar,MTA,Yam Madar,exact,100.0,exact,prices,
3933,L. Cavaliere,PBB,Leopold Cavaliere,exact,100.0,exact,prices,
3934,I. Bonga,PAO,Isaac Bonga,exact,100.0,exact,prices,
3936,N. Rogkavopoulos,PAO,Nikos Rogkavopoulos,exact,100.0,exact,prices,
3940,N. Weiler-Babb,CZV,Nick Weiler-Babb,exact,100.0,exact,prices,
3942,M. Lo,ZAL,Maodo Lo,exact,100.0,exact,prices,
3946,A. Obst,BAY,Andreas Obst,exact,100.0,exact,prices,
3948,M. Ndiaye,OLY,Mbaye Ndiaye,exact,100.0,exact,prices,
3950,O. Dobric,CZV,Ognjen Dobric,exact,100.0,exact,prices,
3952,M. Jaiteh,DUB,Mam Jaiteh,exact,100.0,exact,prices,
3954,K. Diop,KBA,Khalifa Diop,exact,100.0,exact,prices,
3957,O. Da Silva,BAY,Oscar Da Silva,exact,100.0,exact,prices,
3960,T. Blatt,HTA,Tamir Blatt,exact,100.0,exact,prices,
3962,M. Nakic,PAR,Mario Nakic,exact,100.0,exact,prices,
3963,A. Pajola,PAR,Alessandro Pajola,exact,100.0,exact,prices,
3967,D. Brizuela,BAR,Dario Brizuela,exact,100.0,exact,prices,
3971,V. Marinkovic,PAR,Vanja Marinkovic,exact,100.0,exact,prices,
3972,J. Hollatz,BAY,Justus Hollatz,exact,100.0,exact,prices,
3973,J. Parra,BAR,Joel Parra,exact,100.0,exact,prices,
3975,S. Herrera,PBB,Sebastian Herrera,exact,100.0,exact,prices,
3976,A. Lakic,PAR,Arijan Lakic,exact,100.0,exact,prices,
3977,S. Llull,RMB,Sergio Llull,exact,100.0,exact,prices,
3978,E. Ndiaye,RMB,Eli Ndiaye,exact,100.0,exact,prices,
3979,G. Larentzakis,OLY,Giannoulis Larentzakis,exact,100.0,exact,prices,
3980,A. Balcerowski,BAR,Aleksander Balcerowski,exact,100.0,exact,prices,
3981,M. Diouf,VIR,Mouhamet Diouf,exact,100.0,exact,prices,
3983,D. Davidovac,CZV,Dejan Davidovac,exact,100.0,exact,prices,
3984,S. Sanli,FBT,Sertac Sanli,exact,100.0,exact,prices,
3985,D. Lighty,ASV,David Lighty,exact,100.0,exact,prices,
3986,N. Giffey,BAY,Niels Giffey,exact,100.0,exact,prices,
3988,J. Dibartolomeo,MTA,John DiBartolomeo,exact,100.0,exact,prices,
3991,A. Abalde,RMB,Alberto Abalde,exact,100.0,exact,prices,
3992,T. Tarpey,PBB,Terry Tarpey,exact,100.0,exact,prices,
3993,M. Strazel,EFS,Matthew Strazel,exact,100.0,exact,prices,
3994,Y. Ouattara,PBB,Yakuba Ouattara,exact,100.0,exact,prices,
3997,S. Tonut,MIL,Stefano Tonut,exact,100.0,exact,prices,
3998,D. Giedraitis,ZAL,Dovydas Giedraitis,exact,100.0,exact,prices,
4000,M. Mahmutoglu,FBT,Melih Mahmutoglu,exact,100.0,exact,prices,
4003,E. Shahrvin,PBB,Enzo Shahrvin,exact,100.0,exact,prices,
4005,E. Jackson,ASV,Edwin Jackson,exact,100.0,exact,prices,
4007,E. Yilmaz,EFS,Erkan Yilmaz,exact,100.0,exact,prices,
4008,M. Birsen,BJK,Metecan Birsen,exact,100.0,exact,prices,
4009,O. Diop,MIL,Ousmane Diop,exact,100.0,exact,prices,
4012,G. Ricci,MIL,Giampaolo Ricci,exact,100.0,exact,prices,
4013,D. Flaccadori,MIL,Diego Flaccadori,exact,100.0,exact,prices,
4016,N. Akele,MIL,Nicola Akele,exact,100.0,exact,prices,
4019,P. Kalaitzakis,PAO,Panagiotis Kalaitzakis,exact,100.0,exact,prices,
4023,M. Bosnjakovic,PAR,Mitar Bosnjakovic,exact,100.0,exact,prices,
4026,B. Yildizli,EFS,Burakcan Yildizli,exact,100.0,exact,prices,
4036,M. Eksioglu,FBT,Mert Eksioglu,exact,100.0,exact,prices,
4038,D. Moraitis,PAO,Dimitris Moraitis,exact,100.0,exact,prices,
4051,G. Kalaitzakis,PAO,Georgios Kalaitzakis,confirmed,100.0,agent,boxscore,"Twin of Panagiotis (player 4019, exact match, also PAO in the fantasy table); box score has GEORGIOS KALAITZAKIS. Web check says Georgios moved to Promitheas in Aug 2026 but the fantasy app still lists him at PAO."
4061,E. Mantzoukas,PAO,Eleftherios Mantzoukas,exact,100.0,exact,prices,
4073,T. Odiase,HTA,Tai Odiase,exact,100.0,exact,prices,
4081,C. Morgan,BJK,Conor Morgan,exact,100.0,exact,prices,
4084,D. Sleva,ZAL,Dustin Sleva,exact,100.0,exact,prices,
4088,B. Ugurlu,BJK,Berk Ugurlu,exact,100.0,exact,prices,
4094,K. Kamenjas,DUB,Kenan Kamenjas,exact,100.0,exact,prices,
4096,M. Wright,DUB,McKinley Wright,exact,100.0,exact,prices,
4097,N. Tanaskovic,PAR,Nikola Tanaskovic,exact,100.0,exact,prices,
4108,D. Stewart,KBA,DJ Stewart,exact,100.0,exact,prices,
4124,K. Kokila,VIR,Kevin Kokila,exact,100.0,exact,prices,
4129,M. Cale,ASV,Myles Cale,exact,100.0,exact,prices,
4156,J. Morgan,PBB,Jeremy Morgan,exact,100.0,exact,prices,
4159,K. Carrington,HTA,Khadeen Carrington,exact,100.0,exact,prices,
4164,J. Motley,CZV,Johnathan Motley,exact,100.0,exact,prices,
4165,T. Ginat,HTA,Tomer Ginat,exact,100.0,exact,prices,
4167,I. Wainright,HTA,Ish Wainright,exact,100.0,exact,prices,
4174,G. Palatin,HTA,Guy Palatin,exact,100.0,exact,prices,
4175,O. Blayzer,HTA,Oz Blayzer,exact,100.0,exact,prices,
4180,D. Dotson,BJK,Devon Dotson,exact,100.0,exact,prices,
4195,J. Jessup,BAY,Justinian Jessup,exact,100.0,exact,prices,
4210,A. Brown,BJK,Anthony Brown,exact,100.0,exact,prices,
4212,Y. Makoundou,BAR,Yoan Makoundou,exact,100.0,exact,prices,
4215,M. Heidegger,HTA,Max Heidegger,confirmed,,agent,web,Listed as Hapoel Tel Aviv 2026-27 guard https://basketball.realgm.com/international/league/1/Euroleague/team/509/Hapoel-Tel-Aviv/rosters
4233,M. Kabengele,DUB,Mfiondu Kabengele,exact,100.0,exact,prices,
4234,T. Ennis,HTA,Tyler Ennis,exact,100.0,exact,prices,
4242,D. Casarin,VIR,Davide Casarin,exact,100.0,exact,prices,
4246,S. Ojeleye,CZV,Semi Ojeleye,exact,100.0,exact,prices,
4247,C. Jones,CZV,Chris Jones,exact,100.0,exact,prices,
4251,B. Badio,PAO,Brancou Badio,exact,100.0,exact,prices,
4252,J. Montero,OLY,Jean Montero,exact,100.0,exact,prices,
4257,J. Pradilla,RMB,Jaime Pradilla,exact,100.0,exact,prices,
4258,J. Puerto,VBC,Josep Puerto,exact,100.0,exact,prices,
4280,M. Blazevic,ZAL,Marek Blazevic,exact,100.0,exact,prices,
4340,K. Allman,PAR,Kyle Allman,exact,100.0,exact,prices,
4360,E. Fournier,OLY,Evan Fournier,exact,100.0,exact,prices,
4375,A. Butkevicius,ZAL,Arnas Butkevicius,exact,100.0,exact,prices,
4378,W. Rayman,MTA,William Rayman,exact,100.0,exact,prices,
4546,J. Ayayi,PBB,Joel Ayayi,exact,100.0,exact,prices,
4551,B. Timor,HTA,Bar Timor,exact,100.0,exact,prices,
4670,S. Lee,ZAL,Saben Lee,exact,100.0,exact,prices,
4675,A. Blakeney,HTA,Antonio Blakeney,exact,100.0,exact,prices,
4698,O. Bitim,FBT,Onuralp Bitim,exact,100.0,exact,prices,
4712,M. Bingham,FBT,Marcus Bingham,exact,100.0,exact,prices,
4758,P. Dozier,EFS,PJ Dozier,exact,100.0,exact,prices,
4808,B. Fernando,EFS,Bruno Fernando,exact,100.0,exact,prices,
4882,D. Theis,MTA,Daniel Theis,exact,100.0,exact,prices,
4884,J. Clark III,MTA,Jimmy Clark III,exact,100.0,exact,prices,
7193,V. Micic,HTA,Vasilije Micic,exact,100.0,exact,prices,
7194,C. Okeke,RMB,Chuma Okeke,exact,100.0,exact,prices,
7197,O. Brissett,MTA,Oshae Brissett,exact,100.0,exact,prices,
7201,D. Bacon,DUB,Dwayne Bacon,exact,100.0,exact,prices,
7202,J. Robinson,BAR,Justin Robinson,exact,100.0,exact,prices,
7203,M. Norris,BAY,Miles Norris,exact,100.0,exact,prices,
7204,T. Leaf,MTA,TJ Leaf,exact,100.0,exact,prices,
7209,L. Stevens,PAR,Lamar Stevens,exact,100.0,exact,prices,
7210,O. Moore,VBC,Omari Moore,exact,100.0,exact,prices,
7212,D. Alston Jr.,VIR,Derrick Alston Jr.,exact,100.0,exact,prices,
7215,D. Osetkowski,VBC,Dylan Osetkowski,exact,100.0,exact,prices,
7216,D. Bertans,DUB,Davis Bertans,exact,100.0,exact,prices,
7217,T. Carter,CZV,Tyson Carter,exact,100.0,exact,prices,
7218,K. Taylor,VBC,Kameron Taylor,exact,100.0,exact,prices,
7219,A. M'baye,PBB,Amath M'Baye,exact,100.0,exact,prices,
7220,E. Izundu,CZV,Ebuka Izundu,exact,100.0,exact,prices,
7221,A. Tubelis,ZAL,Azuolas Tubelis,exact,100.0,exact,prices,
7223,C. Frisch,KBA,Clement Frisch,exact,100.0,exact,prices,
7225,D. Kramer,CZV,David Kramer,exact,100.0,exact,prices,
7226,A. Dokossi,PBB,Allan Dokossi,exact,100.0,exact,prices,
7228,K. Prepelic,DUB,Klemen Prepelic,exact,100.0,exact,prices,
7229,M. Faye,PBB,Mouhamed Faye,exact,100.0,exact,prices,
7230,A. Abass,DUB,Awudu Abass,exact,100.0,exact,prices,
7231,B. Dessert,EFS,Brice Dessert,exact,100.0,exact,prices,
7232,B. Massa,ASV,Bodian Massa,exact,100.0,exact,prices,
7234,Y. Sima,VBC,Yankuba Sima,exact,100.0,exact,prices,
7237,N. Reuvers,VBC,Nathan Reuvers,exact,100.0,exact,prices,
7238,R. Kurucs,KBA,Rodions Kurucs,exact,100.0,exact,prices,
7239,I. Almansa,RMB,Izan Almansa,exact,100.0,exact,prices,
7241,G. Lavi,MTA,Gur Lavy,confirmed,,agent,web,"Maccabi Tel Aviv signed Gur Lavy (#4), 3-year deal; EuroLeague spells Lavy https://www.euroleaguebasketball.net/en/euroleague/news/maccabi-lands-israeli-leagues-most-improved-player-gur-lavy/"
7243,N. Sestina,ASV,Nathan Sestina,exact,100.0,exact,prices,
7245,D. Mutaf,EFS,David Mutaf,exact,100.0,exact,prices,
7246,S. Miljenovic,CZV,Stefan Miljenovic,exact,100.0,exact,prices,
7248,N. Dangubic,DUB,Nemanja Dangubic,exact,100.0,exact,prices,
7250,I. Kouzeloglou,PAO,Ioannis Kouzeloglou,exact,100.0,exact,prices,
7254,I. Segev,HTA,Itay Segev,exact,100.0,exact,prices,
7255,O. Netzipoglou,OLY,Omiros Netzipoglou,exact,100.0,exact,prices,
7258,D. Russell,EFS,Daron Russell,exact,100.0,exact,prices,
7268,R. Cole,MIL,RJ Cole,exact,100.0,exact,prices,
7269,A. Wiley,BAY,Austin Wiley,exact,100.0,exact,prices,
7328,K. Akobundu-Ehiogu,ZAL,Kaodirichi Akobundu-Ehiogu,exact,100.0,exact,prices,
7338,B. Gach,ASV,Both Gach,exact,100.0,exact,prices,
7362,U. Gibson,BAR,Umoja Gibson,exact,100.0,exact,prices,
7378,A. Ubal,BAR,Agustin Ubal,exact,100.0,exact,prices,
7390,T. Jensen,BAY,Tobias Jensen,exact,100.0,exact,prices,
7422,E. Osmani,EFS,Ercan Osmani,exact,100.0,exact,prices,
7424,A. Diarra,VIR,Aliou Diarra,exact,100.0,exact,prices,
7867,A. Bacot,MTA,Armando Bacot,exact,100.0,exact,prices,
8368,M. Diakite,DUB,Mamadi Diakite,exact,100.0,exact,prices,
8463,K. Jones,EFS,Kai Jones,exact,100.0,exact,prices,
8567,T. Horton-Tucker,FBT,Talen Horton-Tucker,exact,100.0,exact,prices,
8623,K. Kondic,DUB,Kosta Kondic,exact,100.0,exact,prices,
8644,S. Joksimovic,KBA,Stefan Joksimovic,exact,100.0,exact,prices,
8677,P. Souza,KBA,Pedro Souza,confirmed,,agent,web,"Pedro Souza (Pedro Lucas Souza, b. 2008) listed in Baskonia 2026-27 roster https://basketnews.com/teams/709-kosner-baskonia-vitoria-gasteiz.html"
8681,A. Nedeljkovic,CZV,Aleksej Nedeljkovic,exact,100.0,exact,prices,
8714,K. Simmons,KBA,Kobi Simmons,exact,100.0,exact,prices,
8721,J. Butler,CZV,Jared Butler,exact,100.0,exact,prices,
8727,B. Key,FBT,Braxton Key,exact,100.0,exact,prices,
8728,A. Len,KBA,Alex Len,confirmed,,agent,web,"Baskonia signed Alex Len (33, Ukrainian C) two-year deal https://www.eurobasket.com/Euroleague/news/1030223/Baskonia-tabs-Alex-Len"
8730,K. Faried,KBA,Kenneth Faried,exact,100.0,exact,prices,
8762,J. Rhoden,PBB,Jared Rhoden,exact,100.0,exact,prices,
8769,U. Danilovic,PAR,Uros Danilovic,confirmed,,agent,web,"Wikipedia 2026-27 Partizan season roster lists Uros Danilovic (SF, on loan at Metalac Valjevo) https://en.wikipedia.org/wiki/2026%E2%80%9327_KK_Partizan_season"
8770,R. Fenemen,EFS,Ruzgar Fenemen,exact,100.0,exact,prices,
8808,E. Omoruyi,BJK,Eugene Omoruyi,exact,100.0,exact,prices,
8830,F. Ferrari,VIR,Francesco Ferrari,exact,100.0,exact,prices,
8834,C. Silva,FBT,Chris Silva,exact,100.0,exact,prices,
8846,T. Jekiri,PAR,Tonye Jekiri,exact,100.0,exact,prices,
8993,C. Joseph,OLY,Cory Joseph,exact,100.0,exact,prices,
9006,C. Vossenberg,BAY,Caspar Vossenberg,confirmed,,agent,web,Bayern promoted Caspar Vossenberg to extended 2026-27 roster https://fcbayern.com/basketball/en/news/2026-27/08/roster-update
9061,M. Baiocchi,VIR,Matteo Baiocchi,exact,100.0,exact,prices,
9062,K. Fischer,BAY,Kilian Fischer,exact,100.0,exact,prices,
9063,A. Ebo,MTA,Amit Ebo,exact,100.0,exact,prices,
9064,K. Edwards,VIR,Kessler Edwards,exact,100.0,exact,prices,
11487,D. Saric,EFS,Dario Saric,exact,100.0,exact,prices,
11488,S. Yusta,EFS,Santi Yusta,exact,100.0,exact,prices,
11489,J. Burnell,MIL,Jason Burnell,exact,100.0,exact,prices,
11490,G. Mathews,MIL,Garrison Mathews,exact,100.0,exact,prices,
11491,D. Dejulius,BJK,David DeJulius,exact,100.0,exact,prices,
11492,J. Nowell,BJK,Jaylen Nowell,exact,100.0,exact,prices,
11493,M. Sissoko,BJK,Mady Sissoko,exact,100.0,exact,prices,
11494,P. Baldwin Jr,CZV,Patrick Baldwin Jr.,exact,100.0,exact,prices,
11495,N. Djurisic,CZV,Nikola Djurisic,exact,100.0,exact,prices,
11496,A. Bjelic,CZV,Andrej Bjelic,exact,100.0,exact,prices,
11497,V. Medarevic,CZV,Vojin Medarevic,exact,100.0,exact,prices,
11498,D. Mintz,DUB,Davion Mintz,exact,100.0,exact,prices,
11499,T. Evbuomwan,BAR,Tosan Evbuomwan,exact,100.0,exact,prices,
11500,S. Umude,BAR,Stanley Umude,exact,100.0,exact,prices,
11501,T. Martin,BAR,Tyrese Martin,exact,100.0,exact,prices,
11502,O. Nkamhoua,BAR,Olivier Nkamhoua,confirmed,,agent,web,Correct spelling Nkamhoua (not Nkamboua); first summer signing of Barcelona 2026-27 https://en.wikipedia.org/wiki/2026%E2%80%9327_FC_Barcelona_B%C3%A0squet_season
11503,M. Beauchamp,BAY,Marjon Beauchamp,exact,100.0,exact,prices,
11504,J. Thiemann,BAY,Johannes Thiemann,exact,100.0,exact,prices,
11505,J. Juzang,FBT,Johnny Juzang,exact,100.0,exact,prices,
11506,I. Sargiunas,FBT,Ignas Sargiunas,exact,100.0,exact,prices,
11507,A. Coffey,HTA,Amir Coffey,exact,100.0,exact,prices,
11508,J. Toppin,HTA,Jacob Toppin,exact,100.0,exact,prices,
11509,E. German,HTA,Eugene German,exact,100.0,exact,prices,
11510,F. Bourdillon,HTA,Frederic Bourdillon,exact,100.0,exact,prices,
11511,C. Duarte,KBA,Chris Duarte,exact,100.0,exact,prices,
11512,A. Lawson,KBA,AJ Lawson,exact,100.0,exact,prices,
11513,D. Baugh,KBA,Damion Baugh,exact,100.0,exact,prices,
11514,P. Mills,ASV,Patty Mills,exact,100.0,exact,prices,
11515,T. Waters,ASV,Tremont Waters,exact,100.0,exact,prices,
11516,J. Crowder,ASV,Jae Crowder,exact,100.0,exact,prices,
11517,T. Washington,ASV,TyTy Washington,exact,100.0,exact,prices,
11518,M. Dossou-yovo,ASV,Mathis Dossou-Yovo,exact,100.0,exact,prices,
11519,H. Besson,ASV,Hugo Besson,exact,100.0,exact,prices,
11520,Y. Pons,ASV,Yves Pons,exact,100.0,exact,prices,
11521,M. Fodzo Dada,ASV,Marc-Owen Fodzo Dada,exact,100.0,exact,prices,
11522,K. Wallace,MTA,Keaton Wallace,exact,100.0,exact,prices,
11523,S. Hunter,MTA,Shane Hunter,exact,100.0,exact,prices,
11524,N. Plotas,OLY,Nikolaos Plotas,exact,100.0,exact,prices,
11525,A. Karagiannidis,OLY,Antonis Karagiannidis,exact,100.0,exact,prices,
11526,G. Yabusele,PAO,Guerschon Yabusele,exact,100.0,exact,prices,
11527,T. Warren,PBB,TJ Warren,exact,100.0,exact,prices,
11528,T. Etienne,PBB,Tyson Etienne,exact,100.0,exact,prices,
11529,A. Johnson,PBB,Alize Johnson,exact,100.0,exact,prices,
11530,M. Pereira,PBB,Maozinha Pereira,exact,100.0,exact,prices,
11531,N. Boungou-colo,PBB,Nobel Boungou-Colo,exact,100.0,exact,prices,
11532,E. Thompson,PAR,Ethan Thompson,exact,100.0,exact,prices,
11533,U. Mijailovic,PAR,Uros Mijailovic,exact,100.0,exact,prices,
11534,O. Sarr,RMB,Olivier Sarr,exact,100.0,exact,prices,
11535,M. Shulga,RMB,Max Shulga,exact,100.0,exact,prices,
11536,D. Jones,RMB,Damian Jones,exact,100.0,exact,prices,
11537,G. Corbalan,VBC,Gonzalo Corbalan,exact,100.0,exact,prices,
11538,M. Gueye,VBC,Mo Gueye,exact,100.0,exact,prices,
11539,E. Valtonen,VBC,Elias Valtonen,exact,100.0,exact,prices,
11540,M. Saint-supery,VBC,Mario Saint-Supery,exact,100.0,exact,prices,
11541,A. Cardenas,VBC,Alvaro Cardenas,exact,100.0,exact,prices,
11542,L. Mari,VBC,Lucas Mari,exact,100.0,exact,prices,
11543,R. Bello,VIR,Rasheed Bello,exact,100.0,exact,prices,
11544,T. Frazier,VIR,Trent Frazier,exact,100.0,exact,prices,
11545,M. Carr,VIR,Marcus Carr,exact,100.0,exact,prices,
11546,B. Klintman,VIR,Bobi Klintman,exact,100.0,exact,prices,
11547,W. Moore,VIR,Wendell Moore Jr.,confirmed,95.0,agent,prices,Only Moore at Virtus Bologna in basketballsphere; fantasy app drops the Jr. suffix.
11548,T. Baldasso,VIR,Tommaso Baldasso,exact,100.0,exact,prices,
11549,J. Valanciunas,ZAL,Jonas Valanciunas,exact,100.0,exact,prices,
11558,J. Minaya,BAR,Justin Minaya,exact,100.0,exact,prices,
12145,N. Smith Jr,RMB,Nick Smith Jr,confirmed,,agent,web,Real Madrid signed Nick Smith Jr. (ex Hornets/Lakers) through 2026-27; first name Nick (Nicholas not verified) https://www.eurohoops.net/en/euroleague/2008547/real-madrid-officially-sign-nick-smith-jr/
12460,D. Jeffries,BJK,DaQuan Jeffries,confirmed,,agent,web,Signed with Besiktas for 2026-27 https://www.eurobasket.com/Euroleague/news/1008718/DaQuan-Jeffries-agreed-terms-with-Besiktas
12465,D. Karutasu,EFS,Darius Karutasu,confirmed,,agent,web,Academy product (b. 2009) promoted to Anadolu Efes main roster Jan 2026 https://tr.wikipedia.org/wiki/Darius_Karutasu
12466,Y. Aksu,BJK,Yagiz Aksu,confirmed,,agent,web,"Yagiz Aksu (b. 2006, guard) has a EuroLeague profile and is on Besiktas roster https://www.euroleaguebasketball.net/en/euroleague/players/yagiz-aksu/012233/profile/"
12467,A. Susic,BAY,Andrija Susic,confirmed,,agent,web,"Serbian SG #42 promoted to Bayern extended roster 2026-27 (article spells Andrijia once, Andrija elsewhere) https://fcbayern.com/basketball/en/news/2026-27/08/roster-update"
12468,N. Jerkic,BAY,Niko Jerkic,confirmed,,agent,web,"Bayern promoted 'Niko Jerkic' (#39, 203 cm) to extended roster; official spelling Niko, not Nikola https://fcbayern.com/basketball/en/news/2026-27/08/roster-update"
12469,T. Alves de Souza,KBA,Thierry Henry Alves de Souza Silva,confirmed,,agent,web,Baskonia 2026-27 roster lists center Thierry Henry Alves de Souza Silva; FEB profile https://baloncestoenvivo.feb.es/jugador/954056/2787459 and https://basketnews.com/teams/709-kosner-baskonia-vitoria-gasteiz.html
12470,G. Bourneles,OLY,Georgios Bourneles,confirmed,,agent,web,"Greek guard b. 2007, Olympiacos contract 2025-2027, #4 https://basketball.eurobasket.com/player/Georgios-Bourneles/734238"
12471,I. Varvaritis,PAO,Iason Varvaritis,confirmed,,agent,web,"16-year-old Greek wing joined Panathinaikos roster (#12), Greek media spell Iasonas https://scoutbasketball.com/player/iason-varvaritis and https://www.pickandroll.gr/2026/09/05/iasonas-varvaritis-poios-einai-o-16chronos-poy-entachthike-sto-roster-toy-panathinaikoy/"
12517,A. Kone,BAR,Abdu Kone,confirmed,,agent,web,"Gigantes lists Abdu Kone among six academy players joining Barcelona's 2026-27 first-team preseason (spelled Abdou Kone in a Spanish news snippet); youth interior, spelling low-confidence https://www.gigantes.com/liga-endesa/canteranos-pretemporada-barca-2026/"
