gameday,round,arenacode,arenaname,arenacapacity,date,startime,endtime,group,game,gamecode,hometeam,homecode,hometv,awayteam,awaycode,awaytv,confirmeddate,confirmedtime,played,turn
1,RS,AUM,TELEKOM CENTER ATHENS,18500,"Sep 24, 2026",20:15,23:45,Regular Season,7,E2026_7,PANATHINAIKOS AKTOR ATHENS,PAN,PAO,PARIS BASKETBALL,PRS,PBB,true,true,true,T1
1,RS,AVG,TURKCELL BASKETBALL DEVELOPMENT CENTER,10000,"Sep 25, 2026",19:00,22:30,Regular Season,8,E2026_8,BESIKTAS ISTANBUL,BES,BJK,VALENCIA BASKET,PAM,VBC,true,true,true,T2
1,RS,ATM,BELGRADE ARENA,21000,"Sep 24, 2026",20:00,23:30,Regular Season,1,E2026_1,CRVENA ZVEZDA MERIDIANBET BELGRADE,RED,CZV,ZALGIRIS KAUNAS,ZAL,ZAL,true,true,true,T1
1,RS,AUC,BUESA ARENA,15431,"Sep 24, 2026",20:30,00:00,Regular Season,5,E2026_5,KOSNER BASKONIA VITORIA-GASTEIZ,BAS,KBA,OLYMPIACOS PIRAEUS,OLY,OLY,true,true,true,T1
1,RS,AMY,ULKER SPORTS AND EVENT HALL,13000,"Sep 25, 2026",19:45,23:15,Regular Season,9,E2026_9,FENERBAHCE TARFIN ISTANBUL,ULK,FBT,VIRTUS BOLOGNA,VIR,VIR,true,true,true,T2
1,RS,AUZ,LDLC ARENA,12523,"Sep 24, 2026",20:45,00:15,Regular Season,6,E2026_6,LDLC ASVEL VILLEURBANNE,ASV,ASV,MACCABI RAPYD TEL AVIV,TEL,MTA,true,true,true,T1
1,RS,ATM,BELGRADE ARENA,21000,"Sep 25, 2026",20:45,00:15,Regular Season,10,E2026_10,PARTIZAN MOZZART BET BELGRADE,PAR,PAR,ARMANI OLIMPIA MILAN,MIL,MIL,true,true,true,T2
1,RS,AVK,ARENA 8888 SOFIA,12373,"Sep 24, 2026",18:00,21:30,Regular Season,3,E2026_3,HAPOEL IBI TEL AVIV,HTA,HTA,FC BAYERN MUNICH,MUN,BAY,true,true,true,T1
1,RS,AMH,PALAU BLAUGRANA,7585,"Sep 24, 2026",20:30,00:00,Regular Season,4,E2026_4,FC BARCELONA,BAR,BAR,ANADOLU EFES ISTANBUL,IST,EFS,true,true,true,T1
1,RS,ACA,COCA-COLA ARENA,13221,"Sep 24, 2026",18:00,21:30,Regular Season,2,E2026_2,DUBAI BASKETBALL,DUB,DUB,REAL MADRID,MAD,RMB,true,true,true,T1
2,RS,AMY,ULKER SPORTS AND EVENT HALL,13000,"Sep 29, 2026",19:45,23:15,Regular Season,17,E2026_17,FENERBAHCE TARFIN ISTANBUL,ULK,FBT,FC BAYERN MUNICH,MUN,BAY,true,true,false,T1
2,RS,ATM,BELGRADE ARENA,21000,"Sep 29, 2026",20:00,23:30,Regular Season,12,E2026_12,CRVENA ZVEZDA MERIDIANBET BELGRADE,RED,CZV,HAPOEL IBI TEL AVIV,HTA,HTA,true,true,false,T1
2,RS,ATJ,ZALGIRIO ARENA,15415,"Sep 29, 2026",19:00,22:30,Regular Season,14,E2026_14,ZALGIRIS KAUNAS,ZAL,ZAL,OLYMPIACOS PIRAEUS,OLY,OLY,true,true,false,T1
2,RS,AUM,TELEKOM CENTER ATHENS,18500,"Sep 30, 2026",20:15,23:45,Regular Season,20,E2026_20,PANATHINAIKOS AKTOR ATHENS,PAN,PAO,LDLC ASVEL VILLEURBANNE,ASV,ASV,true,true,false,T2
2,RS,ACA,COCA-COLA ARENA,13221,"Sep 29, 2026",18:00,21:30,Regular Season,13,E2026_13,DUBAI BASKETBALL,DUB,DUB,FC BARCELONA,BAR,BAR,true,true,false,T1
2,RS,ASX,UNIPOL FORUM,12657,"Sep 29, 2026",20:30,00:00,Regular Season,16,E2026_16,ARMANI OLIMPIA MILAN,MIL,MIL,VIRTUS BOLOGNA,VIR,VIR,true,true,false,T1
2,RS,AVB1,ADIDAS ARENA,8000,"Sep 29, 2026",20:45,00:15,Regular Season,18,E2026_18,PARIS BASKETBALL,PRS,PBB,PARTIZAN MOZZART BET BELGRADE,PAR,PAR,true,true,false,T1
2,RS,AUF,ALEKSANDAR NIKOLIC HALL,8000,"Sep 30, 2026",20:05,23:35,Regular Season,19,E2026_19,MACCABI RAPYD TEL AVIV,TEL,MTA,BESIKTAS ISTANBUL,BES,BJK,true,true,false,T2
2,RS,AVG,TURKCELL BASKETBALL DEVELOPMENT CENTER,10000,"Sep 29, 2026",19:00,22:30,Regular Season,11,E2026_11,ANADOLU EFES ISTANBUL,IST,EFS,REAL MADRID,MAD,RMB,true,true,false,T1
2,RS,AVJ,ROIG ARENA,15600,"Sep 29, 2026",20:30,00:00,Regular Season,15,E2026_15,VALENCIA BASKET,PAM,VBC,KOSNER BASKONIA VITORIA-GASTEIZ,BAS,KBA,true,true,false,T1
3,RS,AVB1,ADIDAS ARENA,8000,"Oct 01, 2026",20:45,00:15,Regular Season,24,E2026_24,PARIS BASKETBALL,PRS,PBB,ZALGIRIS KAUNAS,ZAL,ZAL,true,true,false,T1
3,RS,AVG,TURKCELL BASKETBALL DEVELOPMENT CENTER,10000,"Oct 02, 2026",19:00,22:30,Regular Season,25,E2026_25,BESIKTAS ISTANBUL,BES,BJK,FC BARCELONA,BAR,BAR,true,true,false,T2
3,RS,AUZ,LDLC ARENA,12523,"Oct 02, 2026",20:00,23:30,Regular Season,26,E2026_26,LDLC ASVEL VILLEURBANNE,ASV,ASV,VALENCIA BASKET,PAM,VBC,true,true,false,T2
3,RS,AIG,PALADOZZA,5570,"Oct 01, 2026",20:30,00:00,Regular Season,23,E2026_23,VIRTUS BOLOGNA,VIR,VIR,OLYMPIACOS PIRAEUS,OLY,OLY,true,true,false,T1
3,RS,AUM,TELEKOM CENTER ATHENS,18500,"Oct 02, 2026",20:15,23:45,Regular Season,30,E2026_30,PANATHINAIKOS AKTOR ATHENS,PAN,PAO,MACCABI RAPYD TEL AVIV,TEL,MTA,true,true,false,T2
3,RS,ATM,BELGRADE ARENA,21000,"Oct 01, 2026",20:00,23:30,Regular Season,21,E2026_21,CRVENA ZVEZDA MERIDIANBET BELGRADE,RED,CZV,ANADOLU EFES ISTANBUL,IST,EFS,true,true,false,T1
3,RS,AUC,BUESA ARENA,15431,"Oct 02, 2026",20:30,00:00,Regular Season,27,E2026_27,KOSNER BASKONIA VITORIA-GASTEIZ,BAS,KBA,ARMANI OLIMPIA MILAN,MIL,MIL,true,true,false,T2
3,RS,AVK,ARENA 8888 SOFIA,12373,"Oct 01, 2026",18:00,21:30,Regular Season,22,E2026_22,HAPOEL IBI TEL AVIV,HTA,HTA,REAL MADRID,MAD,RMB,true,true,false,T1
3,RS,AVE,SAP GARDEN,11500,"Oct 02, 2026",20:00,23:30,Regular Season,28,E2026_28,FC BAYERN MUNICH,MUN,BAY,PARTIZAN MOZZART BET BELGRADE,PAR,PAR,true,true,false,T2
3,RS,AMY,ULKER SPORTS AND EVENT HALL,13000,"Oct 02, 2026",19:45,23:15,Regular Season,29,E2026_29,FENERBAHCE TARFIN ISTANBUL,ULK,FBT,DUBAI BASKETBALL,DUB,DUB,true,true,false,T2
4,RS,AVJ,ROIG ARENA,15600,"Oct 08, 2026",20:30,00:00,Regular Season,34,E2026_34,VALENCIA BASKET,PAM,VBC,HAPOEL IBI TEL AVIV,HTA,HTA,true,true,false,T1
4,RS,AVB1,ADIDAS ARENA,8000,"Oct 07, 2026",20:45,00:15,Regular Season,31,E2026_31,PARIS BASKETBALL,PRS,PBB,LDLC ASVEL VILLEURBANNE,ASV,ASV,true,true,false,T1
4,RS,AMH,PALAU BLAUGRANA,7585,"Oct 09, 2026",20:30,00:00,Regular Season,39,E2026_39,FC BARCELONA,BAR,BAR,ZALGIRIS KAUNAS,ZAL,ZAL,true,true,false,T2
4,RS,AUF,ALEKSANDAR NIKOLIC HALL,8000,"Oct 08, 2026",18:00,21:30,Regular Season,32,E2026_32,MACCABI RAPYD TEL AVIV,TEL,MTA,ARMANI OLIMPIA MILAN,MIL,MIL,true,true,false,T1
4,RS,AUC,BUESA ARENA,15431,"Oct 09, 2026",20:30,00:00,Regular Season,38,E2026_38,KOSNER BASKONIA VITORIA-GASTEIZ,BAS,KBA,BESIKTAS ISTANBUL,BES,BJK,true,true,false,T2
4,RS,AUM,TELEKOM CENTER ATHENS,18500,"Oct 08, 2026",20:15,23:45,Regular Season,36,E2026_36,PANATHINAIKOS AKTOR ATHENS,PAN,PAO,FENERBAHCE TARFIN ISTANBUL,ULK,FBT,true,true,false,T1
4,RS,ATI,MOVISTAR ARENA,13109,"Oct 08, 2026",20:45,00:15,Regular Season,35,E2026_35,REAL MADRID,MAD,RMB,PARTIZAN MOZZART BET BELGRADE,PAR,PAR,true,true,false,T1
4,RS,AVT,SUNEL ARENA,8300,"Oct 09, 2026",20:15,23:45,Regular Season,40,E2026_40,OLYMPIACOS PIRAEUS,OLY,OLY,ANADOLU EFES ISTANBUL,IST,EFS,true,true,false,T2
4,RS,AVE,SAP GARDEN,11500,"Oct 08, 2026",20:00,23:30,Regular Season,33,E2026_33,FC BAYERN MUNICH,MUN,BAY,VIRTUS BOLOGNA,VIR,VIR,true,true,false,T1
4,RS,ACA,COCA-COLA ARENA,13221,"Oct 08, 2026",18:00,21:30,Regular Season,37,E2026_37,DUBAI BASKETBALL,DUB,DUB,CRVENA ZVEZDA MERIDIANBET BELGRADE,RED,CZV,true,true,false,T1
5,RS,ATM,BELGRADE ARENA,21000,"Oct 13, 2026",20:30,00:00,Regular Season,47,E2026_47,PARTIZAN MOZZART BET BELGRADE,PAR,PAR,PANATHINAIKOS AKTOR ATHENS,PAN,PAO,true,true,false,T1
5,RS,AMY,ULKER SPORTS AND EVENT HALL,13000,"Oct 13, 2026",19:45,23:15,Regular Season,46,E2026_46,FENERBAHCE TARFIN ISTANBUL,ULK,FBT,ZALGIRIS KAUNAS,ZAL,ZAL,true,true,false,T1
5,RS,AVG,TURKCELL BASKETBALL DEVELOPMENT CENTER,10000,"Oct 14, 2026",19:30,23:00,Regular Season,49,E2026_49,ANADOLU EFES ISTANBUL,IST,EFS,FC BAYERN MUNICH,MUN,BAY,true,true,false,T2
5,RS,AVJ,ROIG ARENA,15600,"Oct 13, 2026",21:00,00:30,Regular Season,45,E2026_45,VALENCIA BASKET,PAM,VBC,OLYMPIACOS PIRAEUS,OLY,OLY,true,true,false,T1
5,RS,ASX,UNIPOL FORUM,12657,"Oct 13, 2026",20:30,00:00,Regular Season,43,E2026_43,ARMANI OLIMPIA MILAN,MIL,MIL,REAL MADRID,MAD,RMB,true,true,false,T1
5,RS,AVK,ARENA 8888 SOFIA,12373,"Oct 14, 2026",18:00,21:30,Regular Season,48,E2026_48,HAPOEL IBI TEL AVIV,HTA,HTA,BESIKTAS ISTANBUL,BES,BJK,true,true,false,T2
5,RS,AVB1,ADIDAS ARENA,8000,"Oct 14, 2026",20:45,00:15,Regular Season,50,E2026_50,PARIS BASKETBALL,PRS,PBB,VIRTUS BOLOGNA,VIR,VIR,true,true,false,T2
5,RS,ASR,ASTROBALLE,5560,"Oct 13, 2026",20:00,23:30,Regular Season,41,E2026_41,LDLC ASVEL VILLEURBANNE,ASV,ASV,CRVENA ZVEZDA MERIDIANBET BELGRADE,RED,CZV,true,true,false,T1
5,RS,AUC,BUESA ARENA,15431,"Oct 13, 2026",20:30,00:00,Regular Season,42,E2026_42,KOSNER BASKONIA VITORIA-GASTEIZ,BAS,KBA,DUBAI BASKETBALL,DUB,DUB,true,true,false,T1
5,RS,AMH,PALAU BLAUGRANA,7585,"Oct 13, 2026",20:30,00:00,Regular Season,44,E2026_44,FC BARCELONA,BAR,BAR,MACCABI RAPYD TEL AVIV,TEL,MTA,true,true,false,T1
6,RS,AVG,TURKCELL BASKETBALL DEVELOPMENT CENTER,10000,"Oct 16, 2026",19:00,22:30,Regular Season,55,E2026_55,BESIKTAS ISTANBUL,BES,BJK,FC BAYERN MUNICH,MUN,BAY,true,true,false,T2
6,RS,ATJ,ZALGIRIO ARENA,15415,"Oct 16, 2026",19:00,22:30,Regular Season,57,E2026_57,ZALGIRIS KAUNAS,ZAL,ZAL,ANADOLU EFES ISTANBUL,IST,EFS,true,true,false,T2
6,RS,AUM,TELEKOM CENTER ATHENS,18500,"Oct 16, 2026",20:15,23:45,Regular Season,60,E2026_60,PANATHINAIKOS AKTOR ATHENS,PAN,PAO,HAPOEL IBI TEL AVIV,HTA,HTA,true,true,false,T2
6,RS,ATI,MOVISTAR ARENA,13109,"Oct 15, 2026",21:00,00:30,Regular Season,53,E2026_53,REAL MADRID,MAD,RMB,LDLC ASVEL VILLEURBANNE,ASV,ASV,true,true,false,T1
6,RS,ASX,UNIPOL FORUM,12657,"Oct 15, 2026",20:30,00:00,Regular Season,51,E2026_51,ARMANI OLIMPIA MILAN,MIL,MIL,DUBAI BASKETBALL,DUB,DUB,true,true,false,T1
6,RS,AUF,ALEKSANDAR NIKOLIC HALL,8000,"Oct 16, 2026",20:00,23:30,Regular Season,56,E2026_56,CRVENA ZVEZDA MERIDIANBET BELGRADE,RED,CZV,PARIS BASKETBALL,PRS,PBB,true,true,false,T2
6,RS,AVJ,ROIG ARENA,15600,"Oct 15, 2026",20:30,00:00,Regular Season,52,E2026_52,VALENCIA BASKET,PAM,VBC,MACCABI RAPYD TEL AVIV,TEL,MTA,true,true,false,T1
6,RS,AMY,ULKER SPORTS AND EVENT HALL,13000,"Oct 15, 2026",19:45,23:15,Regular Season,54,E2026_54,FENERBAHCE TARFIN ISTANBUL,ULK,FBT,PARTIZAN MOZZART BET BELGRADE,PAR,PAR,true,true,false,T1
6,RS,AIG,PALADOZZA,5570,"Oct 16, 2026",20:30,00:00,Regular Season,59,E2026_59,VIRTUS BOLOGNA,VIR,VIR,KOSNER BASKONIA VITORIA-GASTEIZ,BAS,KBA,true,true,false,T2
6,RS,AMH,PALAU BLAUGRANA,7585,"Oct 16, 2026",20:30,00:00,Regular Season,58,E2026_58,FC BARCELONA,BAR,BAR,OLYMPIACOS PIRAEUS,OLY,OLY,true,true,false,T2
7,RS,AUM,TELEKOM CENTER ATHENS,18500,"Oct 22, 2026",20:15,23:45,Regular Season,67,E2026_67,PANATHINAIKOS AKTOR ATHENS,PAN,PAO,KOSNER BASKONIA VITORIA-GASTEIZ,BAS,KBA,true,true,false,T1
7,RS,AVE,SAP GARDEN,11500,"Oct 22, 2026",20:00,23:30,Regular Season,65,E2026_65,FC BAYERN MUNICH,MUN,BAY,DUBAI BASKETBALL,DUB,DUB,true,true,false,T1
7,RS,AVN,ARENA BOTEVGRAD,3800,"Oct 21, 2026",18:00,21:30,Regular Season,61,E2026_61,HAPOEL IBI TEL AVIV,HTA,HTA,VIRTUS BOLOGNA,VIR,VIR,true,true,false,T1
7,RS,ATM,BELGRADE ARENA,21000,"Oct 22, 2026",20:45,00:15,Regular Season,66,E2026_66,PARTIZAN MOZZART BET BELGRADE,PAR,PAR,CRVENA ZVEZDA MERIDIANBET BELGRADE,RED,CZV,true,true,false,T1
7,RS,ATJ,ZALGIRIO ARENA,15415,"Oct 23, 2026",19:00,22:30,Regular Season,68,E2026_68,ZALGIRIS KAUNAS,ZAL,ZAL,LDLC ASVEL VILLEURBANNE,ASV,ASV,true,true,false,T2
7,RS,AVT,SUNEL ARENA,8300,"Oct 23, 2026",20:15,23:45,Regular Season,70,E2026_70,OLYMPIACOS PIRAEUS,OLY,OLY,FENERBAHCE TARFIN ISTANBUL,ULK,FBT,true,true,false,T2
7,RS,ASX,UNIPOL FORUM,12657,"Oct 22, 2026",20:30,00:00,Regular Season,63,E2026_63,ARMANI OLIMPIA MILAN,MIL,MIL,FC BARCELONA,BAR,BAR,true,true,false,T1
7,RS,AVG,TURKCELL BASKETBALL DEVELOPMENT CENTER,10000,"Oct 22, 2026",19:30,23:00,Regular Season,64,E2026_64,ANADOLU EFES ISTANBUL,IST,EFS,BESIKTAS ISTANBUL,BES,BJK,true,true,false,T1
7,RS,AVB1,ADIDAS ARENA,8000,"Oct 23, 2026",20:45,00:15,Regular Season,69,E2026_69,PARIS BASKETBALL,PRS,PBB,VALENCIA BASKET,PAM,VBC,true,true,false,T2
7,RS,AUF,ALEKSANDAR NIKOLIC HALL,8000,"Oct 22, 2026",20:05,23:35,Regular Season,62,E2026_62,MACCABI RAPYD TEL AVIV,TEL,MTA,REAL MADRID,MAD,RMB,true,true,false,T1
8,RS,AVE,SAP GARDEN,11500,"Oct 27, 2026",20:00,23:30,Regular Season,74,E2026_74,FC BAYERN MUNICH,MUN,BAY,FC BARCELONA,BAR,BAR,true,true,false,T1
8,RS,AVG,TURKCELL BASKETBALL DEVELOPMENT CENTER,10000,"Oct 28, 2026",19:30,23:00,Regular Season,79,E2026_79,BESIKTAS ISTANBUL,BES,BJK,OLYMPIACOS PIRAEUS,OLY,OLY,true,true,false,T2
8,RS,AUZ,LDLC ARENA,12523,"Oct 28, 2026",20:00,23:30,Regular Season,78,E2026_78,LDLC ASVEL VILLEURBANNE,ASV,ASV,PARTIZAN MOZZART BET BELGRADE,PAR,PAR,true,true,false,T2
8,RS,AUF,ALEKSANDAR NIKOLIC HALL,8000,"Oct 27, 2026",20:00,23:30,Regular Season,71,E2026_71,CRVENA ZVEZDA MERIDIANBET BELGRADE,RED,CZV,MACCABI RAPYD TEL AVIV,TEL,MTA,true,true,false,T1
8,RS,AVN,ARENA BOTEVGRAD,3800,"Oct 28, 2026",19:00,22:30,Regular Season,77,E2026_77,HAPOEL IBI TEL AVIV,HTA,HTA,ANADOLU EFES ISTANBUL,IST,EFS,true,true,false,T2
8,RS,AVJ,ROIG ARENA,15600,"Oct 27, 2026",20:30,00:00,Regular Season,75,E2026_75,VALENCIA BASKET,PAM,VBC,FENERBAHCE TARFIN ISTANBUL,ULK,FBT,true,true,false,T1
8,RS,ACA,COCA-COLA ARENA,13221,"Oct 27, 2026",17:00,20:30,Regular Season,72,E2026_72,DUBAI BASKETBALL,DUB,DUB,PARIS BASKETBALL,PRS,PBB,true,true,false,T1
8,RS,AUM,TELEKOM CENTER ATHENS,18500,"Oct 27, 2026",20:15,23:45,Regular Season,76,E2026_76,PANATHINAIKOS AKTOR ATHENS,PAN,PAO,ARMANI OLIMPIA MILAN,MIL,MIL,true,true,false,T1
8,RS,AIG,PALADOZZA,5570,"Oct 28, 2026",20:30,00:00,Regular Season,80,E2026_80,VIRTUS BOLOGNA,VIR,VIR,ZALGIRIS KAUNAS,ZAL,ZAL,true,true,false,T2
8,RS,AUC,BUESA ARENA,15431,"Oct 27, 2026",21:00,00:30,Regular Season,73,E2026_73,KOSNER BASKONIA VITORIA-GASTEIZ,BAS,KBA,REAL MADRID,MAD,RMB,true,true,false,T1
9,RS,AVG,TURKCELL BASKETBALL DEVELOPMENT CENTER,10000,"Oct 30, 2026",18:30,22:00,Regular Season,88,E2026_88,ANADOLU EFES ISTANBUL,IST,EFS,PANATHINAIKOS AKTOR ATHENS,PAN,PAO,true,true,false,T2
9,RS,AMH,PALAU BLAUGRANA,7585,"Oct 30, 2026",20:30,00:00,Regular Season,87,E2026_87,FC BARCELONA,BAR,BAR,VALENCIA BASKET,PAM,VBC,true,true,false,T2
9,RS,ACA,COCA-COLA ARENA,13221,"Oct 30, 2026",17:00,20:30,Regular Season,84,E2026_84,DUBAI BASKETBALL,DUB,DUB,HAPOEL IBI TEL AVIV,HTA,HTA,true,true,false,T2
9,RS,AUZ,LDLC ARENA,12523,"Oct 30, 2026",20:00,23:30,Regular Season,85,E2026_85,LDLC ASVEL VILLEURBANNE,ASV,ASV,KOSNER BASKONIA VITORIA-GASTEIZ,BAS,KBA,true,true,false,T2
9,RS,ATJ,ZALGIRIO ARENA,15415,"Oct 30, 2026",19:00,22:30,Regular Season,86,E2026_86,ZALGIRIS KAUNAS,ZAL,ZAL,PARTIZAN MOZZART BET BELGRADE,PAR,PAR,true,true,false,T2
9,RS,AVT,SUNEL ARENA,8300,"Oct 30, 2026",20:15,23:45,Regular Season,90,E2026_90,OLYMPIACOS PIRAEUS,OLY,OLY,ARMANI OLIMPIA MILAN,MIL,MIL,true,true,false,T2
9,RS,AUF,ALEKSANDAR NIKOLIC HALL,8000,"Oct 29, 2026",20:05,23:35,Regular Season,82,E2026_82,MACCABI RAPYD TEL AVIV,TEL,MTA,PARIS BASKETBALL,PRS,PBB,true,true,false,T1
9,RS,ATI,MOVISTAR ARENA,13109,"Oct 29, 2026",20:45,00:15,Regular Season,83,E2026_83,REAL MADRID,MAD,RMB,FENERBAHCE TARFIN ISTANBUL,ULK,FBT,true,true,false,T1
9,RS,AIG,PALADOZZA,5570,"Oct 30, 2026",20:30,00:00,Regular Season,89,E2026_89,VIRTUS BOLOGNA,VIR,VIR,BESIKTAS ISTANBUL,BES,BJK,true,true,false,T2
9,RS,ATM,BELGRADE ARENA,21000,"Oct 29, 2026",20:00,23:30,Regular Season,81,E2026_81,CRVENA ZVEZDA MERIDIANBET BELGRADE,RED,CZV,FC BAYERN MUNICH,MUN,BAY,true,true,false,T1
10,RS,AUZ,LDLC ARENA,12523,"Nov 05, 2026",20:00,23:30,Regular Season,94,E2026_94,LDLC ASVEL VILLEURBANNE,ASV,ASV,FC BAYERN MUNICH,MUN,BAY,true,true,false,T1
10,RS,ASX,UNIPOL FORUM,12657,"Nov 05, 2026",20:30,00:00,Regular Season,96,E2026_96,ARMANI OLIMPIA MILAN,MIL,MIL,VALENCIA BASKET,PAM,VBC,true,true,false,T1
10,RS,ATM,BELGRADE ARENA,21000,"Nov 06, 2026",20:45,00:15,Regular Season,99,E2026_99,PARTIZAN MOZZART BET BELGRADE,PAR,PAR,MACCABI RAPYD TEL AVIV,TEL,MTA,true,true,false,T2
10,RS,AIG,PALADOZZA,5570,"Nov 06, 2026",20:30,00:00,Regular Season,98,E2026_98,VIRTUS BOLOGNA,VIR,VIR,DUBAI BASKETBALL,DUB,DUB,true,true,false,T2
10,RS,AVG,TURKCELL BASKETBALL DEVELOPMENT CENTER,10000,"Nov 06, 2026",18:00,21:30,Regular Season,97,E2026_97,BESIKTAS ISTANBUL,BES,BJK,ZALGIRIS KAUNAS,ZAL,ZAL,true,true,false,T2
10,RS,AVN,ARENA BOTEVGRAD,3800,"Nov 05, 2026",19:00,22:30,Regular Season,93,E2026_93,HAPOEL IBI TEL AVIV,HTA,HTA,FC BARCELONA,BAR,BAR,true,true,false,T1
10,RS,AMY,ULKER SPORTS AND EVENT HALL,13000,"Nov 05, 2026",19:00,22:30,Regular Season,92,E2026_92,FENERBAHCE TARFIN ISTANBUL,ULK,FBT,KOSNER BASKONIA VITORIA-GASTEIZ,BAS,KBA,true,true,false,T1
10,RS,AVT,SUNEL ARENA,8300,"Nov 06, 2026",20:15,23:45,Regular Season,100,E2026_100,OLYMPIACOS PIRAEUS,OLY,OLY,CRVENA ZVEZDA MERIDIANBET BELGRADE,RED,CZV,true,true,false,T2
10,RS,AVG,TURKCELL BASKETBALL DEVELOPMENT CENTER,10000,"Nov 05, 2026",18:15,21:45,Regular Season,95,E2026_95,ANADOLU EFES ISTANBUL,IST,EFS,PARIS BASKETBALL,PRS,PBB,true,true,false,T1
10,RS,ATI,MOVISTAR ARENA,13109,"Nov 04, 2026",20:45,00:15,Regular Season,91,E2026_91,REAL MADRID,MAD,RMB,PANATHINAIKOS AKTOR ATHENS,PAN,PAO,true,true,false,T1
11,RS,AVG,TURKCELL BASKETBALL DEVELOPMENT CENTER,10000,"Nov 13, 2026",18:30,22:00,Regular Season,109,E2026_109,ANADOLU EFES ISTANBUL,IST,EFS,VIRTUS BOLOGNA,VIR,VIR,true,true,false,T2
11,RS,AVJ,ROIG ARENA,15600,"Nov 12, 2026",20:30,00:00,Regular Season,105,E2026_105,VALENCIA BASKET,PAM,VBC,FC BAYERN MUNICH,MUN,BAY,true,true,false,T1
11,RS,AVT,SUNEL ARENA,8300,"Nov 12, 2026",20:15,23:45,Regular Season,107,E2026_107,OLYMPIACOS PIRAEUS,OLY,OLY,DUBAI BASKETBALL,DUB,DUB,true,true,false,T1
11,RS,ATM,BELGRADE ARENA,21000,"Nov 11, 2026",20:45,00:15,Regular Season,102,E2026_102,PARTIZAN MOZZART BET BELGRADE,PAR,PAR,KOSNER BASKONIA VITORIA-GASTEIZ,BAS,KBA,true,true,false,T1
11,RS,ASX,UNIPOL FORUM,12657,"Nov 12, 2026",20:30,00:00,Regular Season,104,E2026_104,ARMANI OLIMPIA MILAN,MIL,MIL,ZALGIRIS KAUNAS,ZAL,ZAL,true,true,false,T1
11,RS,ATI,MOVISTAR ARENA,13109,"Nov 12, 2026",21:00,00:30,Regular Season,106,E2026_106,REAL MADRID,MAD,RMB,CRVENA ZVEZDA MERIDIANBET BELGRADE,RED,CZV,true,true,false,T1
11,RS,AKW,ACCOR ARENA,14500,"Nov 11, 2026",20:45,00:15,Regular Season,101,E2026_101,PARIS BASKETBALL,PRS,PBB,FENERBAHCE TARFIN ISTANBUL,ULK,FBT,true,true,false,T1
11,RS,AUZ,LDLC ARENA,12523,"Nov 13, 2026",20:30,00:00,Regular Season,108,E2026_108,LDLC ASVEL VILLEURBANNE,ASV,ASV,BESIKTAS ISTANBUL,BES,BJK,true,true,false,T2
11,RS,AUM,TELEKOM CENTER ATHENS,18500,"Nov 13, 2026",20:15,23:45,Regular Season,110,E2026_110,PANATHINAIKOS AKTOR ATHENS,PAN,PAO,FC BARCELONA,BAR,BAR,true,true,false,T2
11,RS,AUF,ALEKSANDAR NIKOLIC HALL,8000,"Nov 12, 2026",20:05,23:35,Regular Season,103,E2026_103,MACCABI RAPYD TEL AVIV,TEL,MTA,HAPOEL IBI TEL AVIV,HTA,HTA,true,true,false,T1
12,RS,ACA,COCA-COLA ARENA,13221,"Nov 17, 2026",17:00,20:30,Regular Season,111,E2026_111,DUBAI BASKETBALL,DUB,DUB,ANADOLU EFES ISTANBUL,IST,EFS,true,true,false,T1
12,RS,ASX,UNIPOL FORUM,12657,"Nov 17, 2026",20:30,00:00,Regular Season,115,E2026_115,ARMANI OLIMPIA MILAN,MIL,MIL,CRVENA ZVEZDA MERIDIANBET BELGRADE,RED,CZV,true,true,false,T1
12,RS,AUC,BUESA ARENA,15431,"Nov 17, 2026",20:30,00:00,Regular Season,114,E2026_114,KOSNER BASKONIA VITORIA-GASTEIZ,BAS,KBA,HAPOEL IBI TEL AVIV,HTA,HTA,true,true,false,T1
12,RS,ATJ,ZALGIRIO ARENA,15415,"Nov 17, 2026",19:00,22:30,Regular Season,112,E2026_112,ZALGIRIS KAUNAS,ZAL,ZAL,FC BAYERN MUNICH,MUN,BAY,true,true,false,T1
12,RS,AMH,PALAU BLAUGRANA,7585,"Nov 17, 2026",20:30,00:00,Regular Season,116,E2026_116,FC BARCELONA,BAR,BAR,PARIS BASKETBALL,PRS,PBB,true,true,false,T1
12,RS,AIG,PALADOZZA,5570,"Nov 17, 2026",21:00,00:30,Regular Season,119,E2026_119,VIRTUS BOLOGNA,VIR,VIR,PANATHINAIKOS AKTOR ATHENS,PAN,PAO,true,true,false,T1
12,RS,ATM,BELGRADE ARENA,21000,"Nov 17, 2026",20:45,00:15,Regular Season,118,E2026_118,PARTIZAN MOZZART BET BELGRADE,PAR,PAR,VALENCIA BASKET,PAM,VBC,true,true,false,T1
12,RS,AVG,TURKCELL BASKETBALL DEVELOPMENT CENTER,10000,"Nov 18, 2026",18:00,21:30,Regular Season,120,E2026_120,BESIKTAS ISTANBUL,BES,BJK,REAL MADRID,MAD,RMB,true,true,false,T2
12,RS,AUF,ALEKSANDAR NIKOLIC HALL,8000,"Nov 17, 2026",18:00,21:30,Regular Season,113,E2026_113,MACCABI RAPYD TEL AVIV,TEL,MTA,OLYMPIACOS PIRAEUS,OLY,OLY,true,true,false,T1
12,RS,AMY,ULKER SPORTS AND EVENT HALL,13000,"Nov 17, 2026",19:00,22:30,Regular Season,117,E2026_117,FENERBAHCE TARFIN ISTANBUL,ULK,FBT,LDLC ASVEL VILLEURBANNE,ASV,ASV,true,true,false,T1
13,RS,AVB1,ADIDAS ARENA,8000,"Nov 19, 2026",20:45,00:15,Regular Season,126,E2026_126,PARIS BASKETBALL,PRS,PBB,HAPOEL IBI TEL AVIV,HTA,HTA,true,true,false,T1
13,RS,AMH,PALAU BLAUGRANA,7585,"Nov 20, 2026",20:30,00:00,Regular Season,128,E2026_128,FC BARCELONA,BAR,BAR,CRVENA ZVEZDA MERIDIANBET BELGRADE,RED,CZV,true,true,false,T2
13,RS,AVG,TURKCELL BASKETBALL DEVELOPMENT CENTER,10000,"Nov 20, 2026",18:30,22:00,Regular Season,127,E2026_127,ANADOLU EFES ISTANBUL,IST,EFS,LDLC ASVEL VILLEURBANNE,ASV,ASV,true,true,false,T2
13,RS,ATJ,ZALGIRIO ARENA,15415,"Nov 19, 2026",19:00,22:30,Regular Season,121,E2026_121,ZALGIRIS KAUNAS,ZAL,ZAL,PANATHINAIKOS AKTOR ATHENS,PAN,PAO,true,true,false,T1
13,RS,AVT,SUNEL ARENA,8300,"Nov 20, 2026",20:15,23:45,Regular Season,130,E2026_130,OLYMPIACOS PIRAEUS,OLY,OLY,REAL MADRID,MAD,RMB,true,true,false,T2
13,RS,AUF,ALEKSANDAR NIKOLIC HALL,8000,"Nov 19, 2026",18:30,22:00,Regular Season,122,E2026_122,MACCABI RAPYD TEL AVIV,TEL,MTA,DUBAI BASKETBALL,DUB,DUB,true,true,false,T1
13,RS,AVJ,ROIG ARENA,15600,"Nov 19, 2026",21:00,00:30,Regular Season,125,E2026_125,VALENCIA BASKET,PAM,VBC,VIRTUS BOLOGNA,VIR,VIR,true,true,false,T1
13,RS,ASX,UNIPOL FORUM,12657,"Nov 19, 2026",20:30,00:00,Regular Season,123,E2026_123,ARMANI OLIMPIA MILAN,MIL,MIL,FENERBAHCE TARFIN ISTANBUL,ULK,FBT,true,true,false,T1
13,RS,AVE,SAP GARDEN,11500,"Nov 19, 2026",20:00,23:30,Regular Season,124,E2026_124,FC BAYERN MUNICH,MUN,BAY,KOSNER BASKONIA VITORIA-GASTEIZ,BAS,KBA,true,true,false,T1
13,RS,AUF,ALEKSANDAR NIKOLIC HALL,8000,"Nov 20, 2026",20:45,00:15,Regular Season,129,E2026_129,PARTIZAN MOZZART BET BELGRADE,PAR,PAR,BESIKTAS ISTANBUL,BES,BJK,true,true,false,T2
14,RS,AVG,TURKCELL BASKETBALL DEVELOPMENT CENTER,10000,"Nov 24, 2026",18:00,21:30,Regular Season,132,E2026_132,BESIKTAS ISTANBUL,BES,BJK,PARIS BASKETBALL,PRS,PBB,true,true,false,T1
14,RS,ATI,MOVISTAR ARENA,13109,"Nov 25, 2026",20:45,00:15,Regular Season,139,E2026_139,REAL MADRID,MAD,RMB,ZALGIRIS KAUNAS,ZAL,ZAL,true,true,false,T2
14,RS,AUC,BUESA ARENA,15431,"Nov 25, 2026",20:30,00:00,Regular Season,138,E2026_138,KOSNER BASKONIA VITORIA-GASTEIZ,BAS,KBA,ANADOLU EFES ISTANBUL,IST,EFS,true,true,false,T2
14,RS,AMH,PALAU BLAUGRANA,7585,"Nov 24, 2026",21:00,00:30,Regular Season,133,E2026_133,FC BARCELONA,BAR,BAR,FENERBAHCE TARFIN ISTANBUL,ULK,FBT,true,true,false,T1
14,RS,ATM,BELGRADE ARENA,21000,"Nov 24, 2026",19:00,22:30,Regular Season,131,E2026_131,CRVENA ZVEZDA MERIDIANBET BELGRADE,RED,CZV,VIRTUS BOLOGNA,VIR,VIR,true,true,false,T1
14,RS,ACA,COCA-COLA ARENA,13221,"Nov 25, 2026",17:00,20:30,Regular Season,137,E2026_137,DUBAI BASKETBALL,DUB,DUB,PARTIZAN MOZZART BET BELGRADE,PAR,PAR,true,true,false,T2
14,RS,AUZ,LDLC ARENA,12523,"Nov 24, 2026",20:45,00:15,Regular Season,136,E2026_136,LDLC ASVEL VILLEURBANNE,ASV,ASV,ARMANI OLIMPIA MILAN,MIL,MIL,true,true,false,T1
14,RS,AVJ,ROIG ARENA,15600,"Nov 24, 2026",20:30,00:00,Regular Season,135,E2026_135,VALENCIA BASKET,PAM,VBC,PANATHINAIKOS AKTOR ATHENS,PAN,PAO,true,true,false,T1
14,RS,AVT,SUNEL ARENA,8300,"Nov 25, 2026",20:15,23:45,Regular Season,140,E2026_140,OLYMPIACOS PIRAEUS,OLY,OLY,HAPOEL IBI TEL AVIV,HTA,HTA,true,true,false,T2
14,RS,AVE,SAP GARDEN,11500,"Nov 24, 2026",20:00,23:30,Regular Season,134,E2026_134,FC BAYERN MUNICH,MUN,BAY,MACCABI RAPYD TEL AVIV,TEL,MTA,true,true,false,T1
15,RS,AMY,ULKER SPORTS AND EVENT HALL,13000,"Dec 03, 2026",18:45,22:15,Regular Season,144,E2026_144,FENERBAHCE TARFIN ISTANBUL,ULK,FBT,CRVENA ZVEZDA MERIDIANBET BELGRADE,RED,CZV,true,true,false,T1
15,RS,AVN,ARENA BOTEVGRAD,3800,"Dec 03, 2026",19:00,22:30,Regular Season,141,E2026_141,HAPOEL IBI TEL AVIV,HTA,HTA,ARMANI OLIMPIA MILAN,MIL,MIL,true,true,false,T1
15,RS,AVG,TURKCELL BASKETBALL DEVELOPMENT CENTER,10000,"Dec 04, 2026",18:00,21:30,Regular Season,146,E2026_146,BESIKTAS ISTANBUL,BES,BJK,PANATHINAIKOS AKTOR ATHENS,PAN,PAO,true,true,false,T2
15,RS,AVT,SUNEL ARENA,8300,"Dec 04, 2026",20:15,23:45,Regular Season,150,E2026_150,OLYMPIACOS PIRAEUS,OLY,OLY,LDLC ASVEL VILLEURBANNE,ASV,ASV,true,true,false,T2
15,RS,AUC,BUESA ARENA,15431,"Dec 04, 2026",20:30,00:00,Regular Season,148,E2026_148,KOSNER BASKONIA VITORIA-GASTEIZ,BAS,KBA,MACCABI RAPYD TEL AVIV,TEL,MTA,true,true,false,T2
15,RS,ATJ,ZALGIRIO ARENA,15415,"Dec 04, 2026",19:00,22:30,Regular Season,147,E2026_147,ZALGIRIS KAUNAS,ZAL,ZAL,DUBAI BASKETBALL,DUB,DUB,true,true,false,T2
15,RS,AVE,SAP GARDEN,11500,"Dec 03, 2026",20:00,23:30,Regular Season,143,E2026_143,FC BAYERN MUNICH,MUN,BAY,PARIS BASKETBALL,PRS,PBB,true,true,false,T1
15,RS,AIG,PALADOZZA,5570,"Dec 04, 2026",20:30,00:00,Regular Season,149,E2026_149,VIRTUS BOLOGNA,VIR,VIR,PARTIZAN MOZZART BET BELGRADE,PAR,PAR,true,true,false,T2
15,RS,AVG,TURKCELL BASKETBALL DEVELOPMENT CENTER,10000,"Dec 03, 2026",18:30,22:00,Regular Season,142,E2026_142,ANADOLU EFES ISTANBUL,IST,EFS,VALENCIA BASKET,PAM,VBC,true,true,false,T1
15,RS,ATI,MOVISTAR ARENA,13109,"Dec 03, 2026",20:45,00:15,Regular Season,145,E2026_145,REAL MADRID,MAD,RMB,FC BARCELONA,BAR,BAR,true,true,false,T1
16,RS,AVB1,ADIDAS ARENA,8000,"Dec 10, 2026",20:45,00:15,Regular Season,154,E2026_154,PARIS BASKETBALL,PRS,PBB,REAL MADRID,MAD,RMB,true,true,false,T1
16,RS,ASX,UNIPOL FORUM,12657,"Dec 10, 2026",20:30,00:00,Regular Season,153,E2026_153,ARMANI OLIMPIA MILAN,MIL,MIL,FC BAYERN MUNICH,MUN,BAY,true,true,false,T1
16,RS,ACA,COCA-COLA ARENA,13221,"Dec 11, 2026",17:00,20:30,Regular Season,156,E2026_156,DUBAI BASKETBALL,DUB,DUB,BESIKTAS ISTANBUL,BES,BJK,true,true,false,T2
16,RS,AUK,VIRTUS ARENA,9800,"Dec 11, 2026",20:30,00:00,Regular Season,158,E2026_158,VIRTUS BOLOGNA,VIR,VIR,MACCABI RAPYD TEL AVIV,TEL,MTA,true,true,false,T2
16,RS,AVK,ARENA 8888 SOFIA,12373,"Dec 10, 2026",19:00,22:30,Regular Season,151,E2026_151,HAPOEL IBI TEL AVIV,HTA,HTA,LDLC ASVEL VILLEURBANNE,ASV,ASV,true,true,false,T1
16,RS,AMY,ULKER SPORTS AND EVENT HALL,13000,"Dec 10, 2026",18:45,22:15,Regular Season,155,E2026_155,FENERBAHCE TARFIN ISTANBUL,ULK,FBT,ANADOLU EFES ISTANBUL,IST,EFS,true,true,false,T1
16,RS,AUF,ALEKSANDAR NIKOLIC HALL,8000,"Dec 11, 2026",20:45,00:15,Regular Season,159,E2026_159,PARTIZAN MOZZART BET BELGRADE,PAR,PAR,FC BARCELONA,BAR,BAR,true,true,false,T2
16,RS,AUM,TELEKOM CENTER ATHENS,18500,"Dec 11, 2026",20:15,23:45,Regular Season,160,E2026_160,PANATHINAIKOS AKTOR ATHENS,PAN,PAO,OLYMPIACOS PIRAEUS,OLY,OLY,true,true,false,T2
16,RS,AVJ,ROIG ARENA,15600,"Dec 10, 2026",20:30,00:00,Regular Season,157,E2026_157,VALENCIA BASKET,PAM,VBC,CRVENA ZVEZDA MERIDIANBET BELGRADE,RED,CZV,true,true,false,T1
16,RS,ATJ,ZALGIRIO ARENA,15415,"Dec 10, 2026",19:00,22:30,Regular Season,152,E2026_152,ZALGIRIS KAUNAS,ZAL,ZAL,KOSNER BASKONIA VITORIA-GASTEIZ,BAS,KBA,true,true,false,T1
17,RS,AVG,TURKCELL BASKETBALL DEVELOPMENT CENTER,10000,"Dec 15, 2026",18:30,22:00,Regular Season,169,E2026_169,ANADOLU EFES ISTANBUL,IST,EFS,PARTIZAN MOZZART BET BELGRADE,PAR,PAR,true,true,false,T1
17,RS,ATI,MOVISTAR ARENA,13109,"Dec 15, 2026",20:45,00:15,Regular Season,166,E2026_166,REAL MADRID,MAD,RMB,FC BAYERN MUNICH,MUN,BAY,true,true,false,T1
17,RS,AVB1,ADIDAS ARENA,8000,"Dec 15, 2026",20:45,00:15,Regular Season,165,E2026_165,PARIS BASKETBALL,PRS,PBB,OLYMPIACOS PIRAEUS,OLY,OLY,true,true,false,T1
17,RS,AUK,VIRTUS ARENA,9800,"Dec 15, 2026",20:30,00:00,Regular Season,163,E2026_163,VIRTUS BOLOGNA,VIR,VIR,LDLC ASVEL VILLEURBANNE,ASV,ASV,true,true,false,T1
17,RS,AUC,BUESA ARENA,15431,"Dec 16, 2026",20:30,00:00,Regular Season,168,E2026_168,KOSNER BASKONIA VITORIA-GASTEIZ,BAS,KBA,FC BARCELONA,BAR,BAR,true,true,false,T2
17,RS,AVJ,ROIG ARENA,15600,"Dec 15, 2026",20:30,00:00,Regular Season,162,E2026_162,VALENCIA BASKET,PAM,VBC,DUBAI BASKETBALL,DUB,DUB,true,true,false,T1
17,RS,AVG,TURKCELL BASKETBALL DEVELOPMENT CENTER,10000,"Dec 16, 2026",18:00,21:30,Regular Season,167,E2026_167,BESIKTAS ISTANBUL,BES,BJK,ARMANI OLIMPIA MILAN,MIL,MIL,true,true,false,T2
17,RS,AUM,TELEKOM CENTER ATHENS,18500,"Dec 16, 2026",20:15,23:45,Regular Season,170,E2026_170,PANATHINAIKOS AKTOR ATHENS,PAN,PAO,CRVENA ZVEZDA MERIDIANBET BELGRADE,RED,CZV,true,true,false,T2
17,RS,AUF,ALEKSANDAR NIKOLIC HALL,8000,"Dec 15, 2026",21:00,00:30,Regular Season,161,E2026_161,MACCABI RAPYD TEL AVIV,TEL,MTA,ZALGIRIS KAUNAS,ZAL,ZAL,true,true,false,T1
17,RS,AMY,ULKER SPORTS AND EVENT HALL,13000,"Dec 15, 2026",18:45,22:15,Regular Season,164,E2026_164,FENERBAHCE TARFIN ISTANBUL,ULK,FBT,HAPOEL IBI TEL AVIV,HTA,HTA,true,true,false,T1
18,RS,ATI,MOVISTAR ARENA,13109,"Dec 17, 2026",20:45,00:15,Regular Season,174,E2026_174,REAL MADRID,MAD,RMB,VALENCIA BASKET,PAM,VBC,true,true,false,T1
18,RS,ATM,BELGRADE ARENA,21000,"Dec 18, 2026",20:30,00:00,Regular Season,175,E2026_175,CRVENA ZVEZDA MERIDIANBET BELGRADE,RED,CZV,BESIKTAS ISTANBUL,BES,BJK,true,true,false,T2
18,RS,AVT,SUNEL ARENA,8300,"Dec 18, 2026",19:30,23:00,Regular Season,180,E2026_180,OLYMPIACOS PIRAEUS,OLY,OLY,PARTIZAN MOZZART BET BELGRADE,PAR,PAR,true,true,false,T2
18,RS,AUC,BUESA ARENA,15431,"Dec 18, 2026",20:30,00:00,Regular Season,177,E2026_177,KOSNER BASKONIA VITORIA-GASTEIZ,BAS,KBA,PARIS BASKETBALL,PRS,PBB,true,true,false,T2
18,RS,AMH,PALAU BLAUGRANA,7585,"Dec 18, 2026",20:45,00:15,Regular Season,178,E2026_178,FC BARCELONA,BAR,BAR,VIRTUS BOLOGNA,VIR,VIR,true,true,false,T2
18,RS,AMY,ULKER SPORTS AND EVENT HALL,13000,"Dec 17, 2026",18:45,22:15,Regular Season,173,E2026_173,FENERBAHCE TARFIN ISTANBUL,ULK,FBT,MACCABI RAPYD TEL AVIV,TEL,MTA,true,true,false,T1
18,RS,AVN,ARENA BOTEVGRAD,3800,"Dec 17, 2026",19:00,22:30,Regular Season,171,E2026_171,HAPOEL IBI TEL AVIV,HTA,HTA,ZALGIRIS KAUNAS,ZAL,ZAL,true,true,false,T1
18,RS,AVE,SAP GARDEN,11500,"Dec 18, 2026",20:00,23:30,Regular Season,179,E2026_179,FC BAYERN MUNICH,MUN,BAY,PANATHINAIKOS AKTOR ATHENS,PAN,PAO,true,true,false,T2
18,RS,AVG,TURKCELL BASKETBALL DEVELOPMENT CENTER,10000,"Dec 18, 2026",18:30,22:00,Regular Season,176,E2026_176,ANADOLU EFES ISTANBUL,IST,EFS,ARMANI OLIMPIA MILAN,MIL,MIL,true,true,false,T2
18,RS,ASR,ASTROBALLE,5560,"Dec 17, 2026",20:00,23:30,Regular Season,172,E2026_172,LDLC ASVEL VILLEURBANNE,ASV,ASV,DUBAI BASKETBALL,DUB,DUB,true,true,false,T1
19,RS,ATM,BELGRADE ARENA,21000,"Dec 23, 2026",20:00,23:30,Regular Season,186,E2026_186,CRVENA ZVEZDA MERIDIANBET BELGRADE,RED,CZV,KOSNER BASKONIA VITORIA-GASTEIZ,BAS,KBA,true,true,false,T2
19,RS,ACA,COCA-COLA ARENA,13221,"Dec 23, 2026",17:00,20:30,Regular Season,187,E2026_187,DUBAI BASKETBALL,DUB,DUB,PANATHINAIKOS AKTOR ATHENS,PAN,PAO,true,true,false,T2
19,RS,AUF,ALEKSANDAR NIKOLIC HALL,8000,"Dec 23, 2026",20:05,23:35,Regular Season,189,E2026_189,MACCABI RAPYD TEL AVIV,TEL,MTA,ANADOLU EFES ISTANBUL,IST,EFS,true,true,false,T2
19,RS,AUZ,LDLC ARENA,12523,"Dec 22, 2026",20:00,23:30,Regular Season,183,E2026_183,LDLC ASVEL VILLEURBANNE,ASV,ASV,FC BARCELONA,BAR,BAR,true,true,false,T1
19,RS,ATJ,ZALGIRIO ARENA,15415,"Dec 23, 2026",19:00,22:30,Regular Season,188,E2026_188,ZALGIRIS KAUNAS,ZAL,ZAL,VALENCIA BASKET,PAM,VBC,true,true,false,T2
19,RS,AUK,VIRTUS ARENA,9800,"Dec 22, 2026",20:30,00:00,Regular Season,185,E2026_185,VIRTUS BOLOGNA,VIR,VIR,REAL MADRID,MAD,RMB,true,true,false,T1
19,RS,ASX,UNIPOL FORUM,12657,"Dec 23, 2026",20:30,00:00,Regular Season,190,E2026_190,ARMANI OLIMPIA MILAN,MIL,MIL,PARIS BASKETBALL,PRS,PBB,true,true,false,T2
19,RS,AVK,ARENA 8888 SOFIA,12373,"Dec 22, 2026",19:00,22:30,Regular Season,182,E2026_182,HAPOEL IBI TEL AVIV,HTA,HTA,PARTIZAN MOZZART BET BELGRADE,PAR,PAR,true,true,false,T1
19,RS,AVG,TURKCELL BASKETBALL DEVELOPMENT CENTER,10000,"Dec 22, 2026",18:00,21:30,Regular Season,181,E2026_181,BESIKTAS ISTANBUL,BES,BJK,FENERBAHCE TARFIN ISTANBUL,ULK,FBT,true,true,false,T1
19,RS,AVE,SAP GARDEN,11500,"Dec 22, 2026",20:00,23:30,Regular Season,184,E2026_184,FC BAYERN MUNICH,MUN,BAY,OLYMPIACOS PIRAEUS,OLY,OLY,true,true,false,T1
20,RS,AVE,SAP GARDEN,11500,"Dec 30, 2026",20:00,23:30,Regular Season,198,E2026_198,FC BAYERN MUNICH,MUN,BAY,BESIKTAS ISTANBUL,BES,BJK,true,true,false,T2
20,RS,AMY,ULKER SPORTS AND EVENT HALL,13000,"Dec 29, 2026",18:45,22:15,Regular Season,193,E2026_193,FENERBAHCE TARFIN ISTANBUL,ULK,FBT,PANATHINAIKOS AKTOR ATHENS,PAN,PAO,true,true,false,T1
20,RS,ATI,MOVISTAR ARENA,13109,"Dec 29, 2026",21:00,00:30,Regular Season,195,E2026_195,REAL MADRID,MAD,RMB,DUBAI BASKETBALL,DUB,DUB,true,true,false,T1
20,RS,AUC,BUESA ARENA,15431,"Dec 29, 2026",20:30,00:00,Regular Season,192,E2026_192,KOSNER BASKONIA VITORIA-GASTEIZ,BAS,KBA,VALENCIA BASKET,PAM,VBC,true,true,false,T1
20,RS,AVG,TURKCELL BASKETBALL DEVELOPMENT CENTER,10000,"Dec 30, 2026",18:30,22:00,Regular Season,197,E2026_197,ANADOLU EFES ISTANBUL,IST,EFS,FC BARCELONA,BAR,BAR,true,true,false,T2
20,RS,AKW,ACCOR ARENA,14500,"Dec 30, 2026",20:45,00:15,Regular Season,200,E2026_200,PARIS BASKETBALL,PRS,PBB,CRVENA ZVEZDA MERIDIANBET BELGRADE,RED,CZV,true,true,false,T2
20,RS,AUK,VIRTUS ARENA,9800,"Dec 30, 2026",20:30,00:00,Regular Season,199,E2026_199,VIRTUS BOLOGNA,VIR,VIR,ARMANI OLIMPIA MILAN,MIL,MIL,true,true,false,T2
20,RS,AVK,ARENA 8888 SOFIA,12373,"Dec 29, 2026",19:00,22:30,Regular Season,191,E2026_191,HAPOEL IBI TEL AVIV,HTA,HTA,MACCABI RAPYD TEL AVIV,TEL,MTA,true,true,false,T1
20,RS,AUZ,LDLC ARENA,12523,"Dec 30, 2026",20:00,23:30,Regular Season,196,E2026_196,LDLC ASVEL VILLEURBANNE,ASV,ASV,OLYMPIACOS PIRAEUS,OLY,OLY,true,true,false,T2
20,RS,ATM,BELGRADE ARENA,21000,"Dec 29, 2026",20:45,00:15,Regular Season,194,E2026_194,PARTIZAN MOZZART BET BELGRADE,PAR,PAR,ZALGIRIS KAUNAS,ZAL,ZAL,true,true,false,T1
21,RS,ASX,UNIPOL FORUM,12657,"Jan 07, 2027",20:30,00:00,Regular Season,205,E2026_205,ARMANI OLIMPIA MILAN,MIL,MIL,HAPOEL IBI TEL AVIV,HTA,HTA,true,true,false,T1
21,RS,AVJ,ROIG ARENA,15600,"Jan 07, 2027",20:30,00:00,Regular Season,206,E2026_206,VALENCIA BASKET,PAM,VBC,PARTIZAN MOZZART BET BELGRADE,PAR,PAR,true,true,false,T1
21,RS,ATM,BELGRADE ARENA,21000,"Jan 08, 2027",20:00,23:30,Regular Season,207,E2026_207,CRVENA ZVEZDA MERIDIANBET BELGRADE,RED,CZV,LDLC ASVEL VILLEURBANNE,ASV,ASV,true,true,false,T2
21,RS,ATI,MOVISTAR ARENA,13109,"Jan 07, 2027",20:45,00:15,Regular Season,210,E2026_210,REAL MADRID,MAD,RMB,OLYMPIACOS PIRAEUS,OLY,OLY,true,true,false,T1
21,RS,AMH,PALAU BLAUGRANA,7585,"Jan 06, 2027",20:30,00:00,Regular Season,201,E2026_201,FC BARCELONA,BAR,BAR,BESIKTAS ISTANBUL,BES,BJK,true,true,false,T1
21,RS,ACA,COCA-COLA ARENA,13221,"Jan 08, 2027",17:00,20:30,Regular Season,208,E2026_208,DUBAI BASKETBALL,DUB,DUB,FC BAYERN MUNICH,MUN,BAY,true,true,false,T2
21,RS,AUC,BUESA ARENA,15431,"Jan 08, 2027",20:30,00:00,Regular Season,209,E2026_209,KOSNER BASKONIA VITORIA-GASTEIZ,BAS,KBA,VIRTUS BOLOGNA,VIR,VIR,true,true,false,T2
21,RS,AVG,TURKCELL BASKETBALL DEVELOPMENT CENTER,10000,"Jan 07, 2027",18:30,22:00,Regular Season,204,E2026_204,ANADOLU EFES ISTANBUL,IST,EFS,FENERBAHCE TARFIN ISTANBUL,ULK,FBT,true,true,false,T1
21,RS,AUF,ALEKSANDAR NIKOLIC HALL,8000,"Jan 07, 2027",18:00,21:30,Regular Season,203,E2026_203,MACCABI RAPYD TEL AVIV,TEL,MTA,PANATHINAIKOS AKTOR ATHENS,PAN,PAO,true,true,false,T1
21,RS,ATJ,ZALGIRIO ARENA,15415,"Jan 07, 2027",19:00,22:30,Regular Season,202,E2026_202,ZALGIRIS KAUNAS,ZAL,ZAL,PARIS BASKETBALL,PRS,PBB,true,true,false,T1
22,RS,ACA,COCA-COLA ARENA,13221,"Jan 12, 2027",17:00,20:30,Regular Season,217,E2026_217,DUBAI BASKETBALL,DUB,DUB,FENERBAHCE TARFIN ISTANBUL,ULK,FBT,true,true,false,T1
22,RS,ASF,PEACE AND FRIENDSHIP STADIUM,12700,"Jan 13, 2027",20:15,23:45,Regular Season,220,E2026_220,OLYMPIACOS PIRAEUS,OLY,OLY,KOSNER BASKONIA VITORIA-GASTEIZ,BAS,KBA,true,true,false,T2
22,RS,AUK,VIRTUS ARENA,9800,"Jan 12, 2027",20:30,00:00,Regular Season,216,E2026_216,VIRTUS BOLOGNA,VIR,VIR,ANADOLU EFES ISTANBUL,IST,EFS,true,true,false,T1
22,RS,AUM,TELEKOM CENTER ATHENS,18500,"Jan 12, 2027",20:15,23:45,Regular Season,218,E2026_218,PANATHINAIKOS AKTOR ATHENS,PAN,PAO,VALENCIA BASKET,PAM,VBC,true,true,false,T1
22,RS,AUZ,LDLC ARENA,12523,"Jan 12, 2027",20:00,23:30,Regular Season,213,E2026_213,LDLC ASVEL VILLEURBANNE,ASV,ASV,ZALGIRIS KAUNAS,ZAL,ZAL,true,true,false,T1
22,RS,AMH,PALAU BLAUGRANA,7585,"Jan 12, 2027",20:30,00:00,Regular Season,215,E2026_215,FC BARCELONA,BAR,BAR,ARMANI OLIMPIA MILAN,MIL,MIL,true,true,false,T1
22,RS,AVK,ARENA 8888 SOFIA,12373,"Jan 12, 2027",18:00,21:30,Regular Season,212,E2026_212,HAPOEL IBI TEL AVIV,HTA,HTA,PARIS BASKETBALL,PRS,PBB,true,true,false,T1
22,RS,ATM,BELGRADE ARENA,21000,"Jan 12, 2027",20:00,23:30,Regular Season,211,E2026_211,CRVENA ZVEZDA MERIDIANBET BELGRADE,RED,CZV,REAL MADRID,MAD,RMB,true,true,false,T1
22,RS,AVG,TURKCELL BASKETBALL DEVELOPMENT CENTER,10000,"Jan 13, 2027",18:00,21:30,Regular Season,219,E2026_219,BESIKTAS ISTANBUL,BES,BJK,PARTIZAN MOZZART BET BELGRADE,PAR,PAR,true,true,false,T2
22,RS,AUF,ALEKSANDAR NIKOLIC HALL,8000,"Jan 12, 2027",20:30,00:00,Regular Season,214,E2026_214,MACCABI RAPYD TEL AVIV,TEL,MTA,FC BAYERN MUNICH,MUN,BAY,true,true,false,T1
23,RS,ASX,UNIPOL FORUM,12657,"Jan 14, 2027",20:30,00:00,Regular Season,223,E2026_223,ARMANI OLIMPIA MILAN,MIL,MIL,LDLC ASVEL VILLEURBANNE,ASV,ASV,true,true,false,T1
23,RS,ATJ,ZALGIRIO ARENA,15415,"Jan 14, 2027",19:00,22:30,Regular Season,222,E2026_222,ZALGIRIS KAUNAS,ZAL,ZAL,CRVENA ZVEZDA MERIDIANBET BELGRADE,RED,CZV,true,true,false,T1
23,RS,AVK,ARENA 8888 SOFIA,12373,"Jan 14, 2027",19:00,22:30,Regular Season,221,E2026_221,HAPOEL IBI TEL AVIV,HTA,HTA,VALENCIA BASKET,PAM,VBC,true,true,false,T1
23,RS,ATM,BELGRADE ARENA,21000,"Jan 15, 2027",20:45,00:15,Regular Season,229,E2026_229,PARTIZAN MOZZART BET BELGRADE,PAR,PAR,FENERBAHCE TARFIN ISTANBUL,ULK,FBT,true,true,false,T2
23,RS,ACA,COCA-COLA ARENA,13221,"Jan 15, 2027",17:00,20:30,Regular Season,227,E2026_227,DUBAI BASKETBALL,DUB,DUB,MACCABI RAPYD TEL AVIV,TEL,MTA,true,true,false,T2
23,RS,AUK,VIRTUS ARENA,9800,"Jan 15, 2027",20:30,00:00,Regular Season,228,E2026_228,VIRTUS BOLOGNA,VIR,VIR,FC BARCELONA,BAR,BAR,true,true,false,T2
23,RS,ASF,PEACE AND FRIENDSHIP STADIUM,12700,"Jan 15, 2027",20:15,23:45,Regular Season,230,E2026_230,OLYMPIACOS PIRAEUS,OLY,OLY,PARIS BASKETBALL,PRS,PBB,true,true,false,T2
23,RS,ATI,MOVISTAR ARENA,13109,"Jan 14, 2027",20:45,00:15,Regular Season,224,E2026_224,REAL MADRID,MAD,RMB,ANADOLU EFES ISTANBUL,IST,EFS,true,true,false,T1
23,RS,AVG,TURKCELL BASKETBALL DEVELOPMENT CENTER,10000,"Jan 15, 2027",18:00,21:30,Regular Season,226,E2026_226,BESIKTAS ISTANBUL,BES,BJK,KOSNER BASKONIA VITORIA-GASTEIZ,BAS,KBA,true,true,false,T2
23,RS,AUM,TELEKOM CENTER ATHENS,18500,"Jan 14, 2027",20:15,23:45,Regular Season,225,E2026_225,PANATHINAIKOS AKTOR ATHENS,PAN,PAO,FC BAYERN MUNICH,MUN,BAY,true,true,false,T1
24,RS,AMY,ULKER SPORTS AND EVENT HALL,13000,"Jan 21, 2027",18:45,22:15,Regular Season,233,E2026_233,FENERBAHCE TARFIN ISTANBUL,ULK,FBT,BESIKTAS ISTANBUL,BES,BJK,true,true,false,T1
24,RS,ATJ,ZALGIRIO ARENA,15415,"Jan 22, 2027",19:00,22:30,Regular Season,238,E2026_238,ZALGIRIS KAUNAS,ZAL,ZAL,VIRTUS BOLOGNA,VIR,VIR,true,true,false,T2
24,RS,AVG,TURKCELL BASKETBALL DEVELOPMENT CENTER,10000,"Jan 22, 2027",18:30,22:00,Regular Season,239,E2026_239,ANADOLU EFES ISTANBUL,IST,EFS,DUBAI BASKETBALL,DUB,DUB,true,true,false,T2
24,RS,AVJ,ROIG ARENA,15600,"Jan 22, 2027",20:30,00:00,Regular Season,240,E2026_240,VALENCIA BASKET,PAM,VBC,LDLC ASVEL VILLEURBANNE,ASV,ASV,true,true,false,T2
24,RS,ATI,MOVISTAR ARENA,13109,"Jan 21, 2027",20:45,00:15,Regular Season,236,E2026_236,REAL MADRID,MAD,RMB,MACCABI RAPYD TEL AVIV,TEL,MTA,true,true,false,T1
24,RS,AVE,SAP GARDEN,11500,"Jan 21, 2027",20:00,23:30,Regular Season,232,E2026_232,FC BAYERN MUNICH,MUN,BAY,ARMANI OLIMPIA MILAN,MIL,MIL,true,true,false,T1
24,RS,ATM,BELGRADE ARENA,21000,"Jan 21, 2027",20:45,00:15,Regular Season,235,E2026_235,PARTIZAN MOZZART BET BELGRADE,PAR,PAR,OLYMPIACOS PIRAEUS,OLY,OLY,true,true,false,T1
24,RS,ATM,BELGRADE ARENA,21000,"Jan 22, 2027",20:00,23:30,Regular Season,237,E2026_237,CRVENA ZVEZDA MERIDIANBET BELGRADE,RED,CZV,FC BARCELONA,BAR,BAR,true,true,false,T2
24,RS,AVK,ARENA 8888 SOFIA,12373,"Jan 21, 2027",18:00,21:30,Regular Season,231,E2026_231,HAPOEL IBI TEL AVIV,HTA,HTA,PANATHINAIKOS AKTOR ATHENS,PAN,PAO,true,true,false,T1
24,RS,AVB1,ADIDAS ARENA,8000,"Jan 21, 2027",20:45,00:15,Regular Season,234,E2026_234,PARIS BASKETBALL,PRS,PBB,KOSNER BASKONIA VITORIA-GASTEIZ,BAS,KBA,true,true,false,T1
25,RS,AUK,VIRTUS ARENA,9800,"Jan 28, 2027",20:30,00:00,Regular Season,244,E2026_244,VIRTUS BOLOGNA,VIR,VIR,PARIS BASKETBALL,PRS,PBB,true,true,false,T1
25,RS,AMH,PALAU BLAUGRANA,7585,"Jan 29, 2027",20:30,00:00,Regular Season,248,E2026_248,FC BARCELONA,BAR,BAR,DUBAI BASKETBALL,DUB,DUB,true,true,false,T2
25,RS,AVE,SAP GARDEN,11500,"Jan 28, 2027",20:00,23:30,Regular Season,243,E2026_243,FC BAYERN MUNICH,MUN,BAY,VALENCIA BASKET,PAM,VBC,true,true,false,T1
25,RS,AUC,BUESA ARENA,15431,"Jan 28, 2027",20:30,00:00,Regular Season,242,E2026_242,KOSNER BASKONIA VITORIA-GASTEIZ,BAS,KBA,ZALGIRIS KAUNAS,ZAL,ZAL,true,true,false,T1
25,RS,ASR,ASTROBALLE,5560,"Jan 29, 2027",20:00,23:30,Regular Season,246,E2026_246,LDLC ASVEL VILLEURBANNE,ASV,ASV,HAPOEL IBI TEL AVIV,HTA,HTA,true,true,false,T2
25,RS,ASX,UNIPOL FORUM,12657,"Jan 29, 2027",20:30,00:00,Regular Season,247,E2026_247,ARMANI OLIMPIA MILAN,MIL,MIL,PARTIZAN MOZZART BET BELGRADE,PAR,PAR,true,true,false,T2
25,RS,AMY,ULKER SPORTS AND EVENT HALL,13000,"Jan 29, 2027",18:45,22:15,Regular Season,249,E2026_249,FENERBAHCE TARFIN ISTANBUL,ULK,FBT,REAL MADRID,MAD,RMB,true,true,false,T2
25,RS,AUM,TELEKOM CENTER ATHENS,18500,"Jan 29, 2027",20:15,23:45,Regular Season,250,E2026_250,PANATHINAIKOS AKTOR ATHENS,PAN,PAO,ANADOLU EFES ISTANBUL,IST,EFS,true,true,false,T2
25,RS,AVG,TURKCELL BASKETBALL DEVELOPMENT CENTER,10000,"Jan 28, 2027",18:00,21:30,Regular Season,241,E2026_241,BESIKTAS ISTANBUL,BES,BJK,CRVENA ZVEZDA MERIDIANBET BELGRADE,RED,CZV,true,true,false,T1
25,RS,ASF,PEACE AND FRIENDSHIP STADIUM,12700,"Jan 28, 2027",20:15,23:45,Regular Season,245,E2026_245,OLYMPIACOS PIRAEUS,OLY,OLY,MACCABI RAPYD TEL AVIV,TEL,MTA,true,true,false,T1
26,RS,AMH,PALAU BLAUGRANA,7585,"Feb 03, 2027",20:30,00:00,Regular Season,258,E2026_258,FC BARCELONA,BAR,BAR,LDLC ASVEL VILLEURBANNE,ASV,ASV,true,true,false,T2
26,RS,ATM,BELGRADE ARENA,21000,"Feb 02, 2027",20:45,00:15,Regular Season,255,E2026_255,PARTIZAN MOZZART BET BELGRADE,PAR,PAR,REAL MADRID,MAD,RMB,true,true,false,T1
26,RS,AUC,BUESA ARENA,15431,"Feb 02, 2027",20:30,00:00,Regular Season,253,E2026_253,KOSNER BASKONIA VITORIA-GASTEIZ,BAS,KBA,FENERBAHCE TARFIN ISTANBUL,ULK,FBT,true,true,false,T1
26,RS,AVK,ARENA 8888 SOFIA,12373,"Feb 03, 2027",19:00,22:30,Regular Season,257,E2026_257,HAPOEL IBI TEL AVIV,HTA,HTA,OLYMPIACOS PIRAEUS,OLY,OLY,true,true,false,T2
26,RS,AUM,TELEKOM CENTER ATHENS,18500,"Feb 02, 2027",20:15,23:45,Regular Season,256,E2026_256,PANATHINAIKOS AKTOR ATHENS,PAN,PAO,DUBAI BASKETBALL,DUB,DUB,true,true,false,T1
26,RS,AVE,SAP GARDEN,11500,"Feb 03, 2027",20:00,23:30,Regular Season,259,E2026_259,FC BAYERN MUNICH,MUN,BAY,CRVENA ZVEZDA MERIDIANBET BELGRADE,RED,CZV,true,true,false,T2
26,RS,AVG,TURKCELL BASKETBALL DEVELOPMENT CENTER,10000,"Feb 02, 2027",18:30,22:00,Regular Season,252,E2026_252,ANADOLU EFES ISTANBUL,IST,EFS,ZALGIRIS KAUNAS,ZAL,ZAL,true,true,false,T1
26,RS,AUF,ALEKSANDAR NIKOLIC HALL,8000,"Feb 02, 2027",20:05,23:35,Regular Season,251,E2026_251,MACCABI RAPYD TEL AVIV,TEL,MTA,VIRTUS BOLOGNA,VIR,VIR,true,true,false,T1
26,RS,AVJ,ROIG ARENA,15600,"Feb 03, 2027",20:45,00:15,Regular Season,260,E2026_260,VALENCIA BASKET,PAM,VBC,ARMANI OLIMPIA MILAN,MIL,MIL,true,true,false,T2
26,RS,AVB1,ADIDAS ARENA,8000,"Feb 02, 2027",20:45,00:15,Regular Season,254,E2026_254,PARIS BASKETBALL,PRS,PBB,BESIKTAS ISTANBUL,BES,BJK,true,true,false,T1
27,RS,ACA,COCA-COLA ARENA,13221,"Feb 04, 2027",17:00,20:30,Regular Season,261,E2026_261,DUBAI BASKETBALL,DUB,DUB,VIRTUS BOLOGNA,VIR,VIR,true,true,false,T1
27,RS,ASR,ASTROBALLE,5560,"Feb 05, 2027",20:00,23:30,Regular Season,265,E2026_265,LDLC ASVEL VILLEURBANNE,ASV,ASV,FENERBAHCE TARFIN ISTANBUL,ULK,FBT,true,true,false,T2
27,RS,ATI,MOVISTAR ARENA,13109,"Feb 04, 2027",20:45,00:15,Regular Season,264,E2026_264,REAL MADRID,MAD,RMB,PARIS BASKETBALL,PRS,PBB,true,true,false,T1
27,RS,AVG,TURKCELL BASKETBALL DEVELOPMENT CENTER,10000,"Feb 04, 2027",18:30,22:00,Regular Season,263,E2026_263,ANADOLU EFES ISTANBUL,IST,EFS,MACCABI RAPYD TEL AVIV,TEL,MTA,true,true,false,T1
27,RS,ATJ,ZALGIRIO ARENA,15415,"Feb 04, 2027",19:00,22:30,Regular Season,262,E2026_262,ZALGIRIS KAUNAS,ZAL,ZAL,BESIKTAS ISTANBUL,BES,BJK,true,true,false,T1
27,RS,ATM,BELGRADE ARENA,21000,"Feb 05, 2027",20:45,00:15,Regular Season,269,E2026_269,PARTIZAN MOZZART BET BELGRADE,PAR,PAR,HAPOEL IBI TEL AVIV,HTA,HTA,true,true,false,T2
27,RS,AVJ,ROIG ARENA,15600,"Feb 05, 2027",20:45,00:15,Regular Season,268,E2026_268,VALENCIA BASKET,PAM,VBC,FC BARCELONA,BAR,BAR,true,true,false,T2
27,RS,ASF,PEACE AND FRIENDSHIP STADIUM,12700,"Feb 05, 2027",19:30,23:00,Regular Season,270,E2026_270,OLYMPIACOS PIRAEUS,OLY,OLY,FC BAYERN MUNICH,MUN,BAY,true,true,false,T2
27,RS,AUC,BUESA ARENA,15431,"Feb 05, 2027",20:30,00:00,Regular Season,266,E2026_266,KOSNER BASKONIA VITORIA-GASTEIZ,BAS,KBA,CRVENA ZVEZDA MERIDIANBET BELGRADE,RED,CZV,true,true,false,T2
27,RS,ASX,UNIPOL FORUM,12657,"Feb 05, 2027",20:30,00:00,Regular Season,267,E2026_267,ARMANI OLIMPIA MILAN,MIL,MIL,PANATHINAIKOS AKTOR ATHENS,PAN,PAO,true,true,false,T2
28,RS,AUZ,LDLC ARENA,12523,"Feb 10, 2027",20:00,23:30,Regular Season,272,E2026_272,LDLC ASVEL VILLEURBANNE,ASV,ASV,ANADOLU EFES ISTANBUL,IST,EFS,true,true,false,T1
28,RS,AUK,VIRTUS ARENA,9800,"Feb 11, 2027",20:30,00:00,Regular Season,277,E2026_277,VIRTUS BOLOGNA,VIR,VIR,FC BAYERN MUNICH,MUN,BAY,true,true,false,T1
28,RS,AVG,TURKCELL BASKETBALL DEVELOPMENT CENTER,10000,"Feb 11, 2027",18:00,21:30,Regular Season,273,E2026_273,BESIKTAS ISTANBUL,BES,BJK,DUBAI BASKETBALL,DUB,DUB,true,true,false,T1
28,RS,AMY,ULKER SPORTS AND EVENT HALL,13000,"Feb 12, 2027",18:45,22:15,Regular Season,279,E2026_279,FENERBAHCE TARFIN ISTANBUL,ULK,FBT,ARMANI OLIMPIA MILAN,MIL,MIL,true,true,false,T2
28,RS,ATM,BELGRADE ARENA,21000,"Feb 11, 2027",20:00,23:30,Regular Season,274,E2026_274,CRVENA ZVEZDA MERIDIANBET BELGRADE,RED,CZV,PARTIZAN MOZZART BET BELGRADE,PAR,PAR,true,true,false,T1
28,RS,AVK,ARENA 8888 SOFIA,12373,"Feb 10, 2027",19:00,22:30,Regular Season,271,E2026_271,HAPOEL IBI TEL AVIV,HTA,HTA,KOSNER BASKONIA VITORIA-GASTEIZ,BAS,KBA,true,true,false,T1
28,RS,ASF,PEACE AND FRIENDSHIP STADIUM,12700,"Feb 12, 2027",20:15,23:45,Regular Season,280,E2026_280,OLYMPIACOS PIRAEUS,OLY,OLY,PANATHINAIKOS AKTOR ATHENS,PAN,PAO,true,true,false,T2
28,RS,ATJ,ZALGIRIO ARENA,15415,"Feb 12, 2027",19:00,22:30,Regular Season,278,E2026_278,ZALGIRIS KAUNAS,ZAL,ZAL,REAL MADRID,MAD,RMB,true,true,false,T2
28,RS,AUF,ALEKSANDAR NIKOLIC HALL,8000,"Feb 11, 2027",20:05,23:35,Regular Season,275,E2026_275,MACCABI RAPYD TEL AVIV,TEL,MTA,FC BARCELONA,BAR,BAR,true,true,false,T1
28,RS,AVJ,ROIG ARENA,15600,"Feb 11, 2027",20:30,00:00,Regular Season,276,E2026_276,VALENCIA BASKET,PAM,VBC,PARIS BASKETBALL,PRS,PBB,true,true,false,T1
29,RS,AVB1,ADIDAS ARENA,8000,"Mar 04, 2027",20:45,00:15,Regular Season,284,E2026_284,PARIS BASKETBALL,PRS,PBB,MACCABI RAPYD TEL AVIV,TEL,MTA,true,true,false,T1
29,RS,AMH,PALAU BLAUGRANA,7585,"Mar 05, 2027",20:30,00:00,Regular Season,289,E2026_289,FC BARCELONA,BAR,BAR,REAL MADRID,MAD,RMB,true,true,false,T2
29,RS,AVJ,ROIG ARENA,15600,"Mar 04, 2027",20:30,00:00,Regular Season,282,E2026_282,VALENCIA BASKET,PAM,VBC,ZALGIRIS KAUNAS,ZAL,ZAL,true,true,false,T1
29,RS,ASX,UNIPOL FORUM,12657,"Mar 05, 2027",20:30,00:00,Regular Season,288,E2026_288,ARMANI OLIMPIA MILAN,MIL,MIL,ANADOLU EFES ISTANBUL,IST,EFS,true,true,false,T2
29,RS,AUK,VIRTUS ARENA,9800,"Mar 04, 2027",20:30,00:00,Regular Season,283,E2026_283,VIRTUS BOLOGNA,VIR,VIR,HAPOEL IBI TEL AVIV,HTA,HTA,true,true,false,T1
29,RS,AUM,TELEKOM CENTER ATHENS,18500,"Mar 04, 2027",20:15,23:45,Regular Season,285,E2026_285,PANATHINAIKOS AKTOR ATHENS,PAN,PAO,BESIKTAS ISTANBUL,BES,BJK,true,true,false,T1
29,RS,ATM,BELGRADE ARENA,21000,"Mar 05, 2027",20:00,23:30,Regular Season,286,E2026_286,CRVENA ZVEZDA MERIDIANBET BELGRADE,RED,CZV,FENERBAHCE TARFIN ISTANBUL,ULK,FBT,true,true,false,T2
29,RS,AVE,SAP GARDEN,11500,"Mar 05, 2027",20:00,23:30,Regular Season,290,E2026_290,FC BAYERN MUNICH,MUN,BAY,LDLC ASVEL VILLEURBANNE,ASV,ASV,true,true,false,T2
29,RS,AUC,BUESA ARENA,15431,"Mar 04, 2027",20:45,00:15,Regular Season,281,E2026_281,KOSNER BASKONIA VITORIA-GASTEIZ,BAS,KBA,PARTIZAN MOZZART BET BELGRADE,PAR,PAR,true,true,false,T1
29,RS,ACA,COCA-COLA ARENA,13221,"Mar 05, 2027",17:00,20:30,Regular Season,287,E2026_287,DUBAI BASKETBALL,DUB,DUB,OLYMPIACOS PIRAEUS,OLY,OLY,true,true,false,T2
30,RS,ATM,BELGRADE ARENA,21000,"Mar 09, 2027",20:45,00:15,Regular Season,297,E2026_297,PARTIZAN MOZZART BET BELGRADE,PAR,PAR,PARIS BASKETBALL,PRS,PBB,true,true,false,T1
30,RS,AUK,VIRTUS ARENA,9800,"Mar 09, 2027",20:30,00:00,Regular Season,296,E2026_296,VIRTUS BOLOGNA,VIR,VIR,FENERBAHCE TARFIN ISTANBUL,ULK,FBT,true,true,false,T1
30,RS,AVE,SAP GARDEN,11500,"Mar 09, 2027",20:00,23:30,Regular Season,295,E2026_295,FC BAYERN MUNICH,MUN,BAY,ANADOLU EFES ISTANBUL,IST,EFS,true,true,false,T1
30,RS,ASX,UNIPOL FORUM,12657,"Mar 10, 2027",20:30,00:00,Regular Season,300,E2026_300,ARMANI OLIMPIA MILAN,MIL,MIL,OLYMPIACOS PIRAEUS,OLY,OLY,true,true,false,T2
30,RS,ATI,MOVISTAR ARENA,13109,"Mar 09, 2027",20:45,00:15,Regular Season,298,E2026_298,REAL MADRID,MAD,RMB,HAPOEL IBI TEL AVIV,HTA,HTA,true,true,false,T1
30,RS,AUF,ALEKSANDAR NIKOLIC HALL,8000,"Mar 09, 2027",20:05,23:35,Regular Season,293,E2026_293,MACCABI RAPYD TEL AVIV,TEL,MTA,CRVENA ZVEZDA MERIDIANBET BELGRADE,RED,CZV,true,true,false,T1
30,RS,ACA,COCA-COLA ARENA,13221,"Mar 10, 2027",17:00,20:30,Regular Season,299,E2026_299,DUBAI BASKETBALL,DUB,DUB,VALENCIA BASKET,PAM,VBC,true,true,false,T2
30,RS,AUC,BUESA ARENA,15431,"Mar 09, 2027",20:30,00:00,Regular Season,294,E2026_294,KOSNER BASKONIA VITORIA-GASTEIZ,BAS,KBA,PANATHINAIKOS AKTOR ATHENS,PAN,PAO,true,true,false,T1
30,RS,AVG,TURKCELL BASKETBALL DEVELOPMENT CENTER,10000,"Mar 09, 2027",18:00,21:30,Regular Season,291,E2026_291,BESIKTAS ISTANBUL,BES,BJK,LDLC ASVEL VILLEURBANNE,ASV,ASV,true,true,false,T1
30,RS,ATJ,ZALGIRIO ARENA,15415,"Mar 09, 2027",19:00,22:30,Regular Season,292,E2026_292,ZALGIRIS KAUNAS,ZAL,ZAL,FC BARCELONA,BAR,BAR,true,true,false,T1
31,RS,AMH,PALAU BLAUGRANA,7585,"Mar 12, 2027",20:30,00:00,Regular Season,308,E2026_308,FC BARCELONA,BAR,BAR,KOSNER BASKONIA VITORIA-GASTEIZ,BAS,KBA,true,true,false,T2
31,RS,ATM,BELGRADE ARENA,21000,"Mar 11, 2027",20:45,00:15,Regular Season,302,E2026_302,PARTIZAN MOZZART BET BELGRADE,PAR,PAR,ANADOLU EFES ISTANBUL,IST,EFS,true,true,false,T1
31,RS,ATI,MOVISTAR ARENA,13109,"Mar 11, 2027",20:45,00:15,Regular Season,305,E2026_305,REAL MADRID,MAD,RMB,VIRTUS BOLOGNA,VIR,VIR,true,true,false,T1
31,RS,ATM,BELGRADE ARENA,21000,"Mar 12, 2027",20:00,23:30,Regular Season,306,E2026_306,CRVENA ZVEZDA MERIDIANBET BELGRADE,RED,CZV,DUBAI BASKETBALL,DUB,DUB,true,true,false,T2
31,RS,AVB1,ADIDAS ARENA,8000,"Mar 11, 2027",20:45,00:15,Regular Season,304,E2026_304,PARIS BASKETBALL,PRS,PBB,PANATHINAIKOS AKTOR ATHENS,PAN,PAO,true,true,false,T1
31,RS,ASF,PEACE AND FRIENDSHIP STADIUM,12700,"Mar 12, 2027",20:15,23:45,Regular Season,310,E2026_310,OLYMPIACOS PIRAEUS,OLY,OLY,BESIKTAS ISTANBUL,BES,BJK,true,true,false,T2
31,RS,AUF,ALEKSANDAR NIKOLIC HALL,8000,"Mar 11, 2027",20:05,23:35,Regular Season,301,E2026_301,MACCABI RAPYD TEL AVIV,TEL,MTA,LDLC ASVEL VILLEURBANNE,ASV,ASV,true,true,false,T1
31,RS,AMY,ULKER SPORTS AND EVENT HALL,13000,"Mar 12, 2027",18:45,22:15,Regular Season,309,E2026_309,FENERBAHCE TARFIN ISTANBUL,ULK,FBT,VALENCIA BASKET,PAM,VBC,true,true,false,T2
31,RS,AVE,SAP GARDEN,11500,"Mar 11, 2027",20:00,23:30,Regular Season,303,E2026_303,FC BAYERN MUNICH,MUN,BAY,HAPOEL IBI TEL AVIV,HTA,HTA,true,true,false,T1
31,RS,ATJ,ZALGIRIO ARENA,15415,"Mar 12, 2027",19:00,22:30,Regular Season,307,E2026_307,ZALGIRIS KAUNAS,ZAL,ZAL,ARMANI OLIMPIA MILAN,MIL,MIL,true,true,false,T2
32,RS,ATM,BELGRADE ARENA,21000,"Mar 19, 2027",20:00,23:30,Regular Season,317,E2026_317,CRVENA ZVEZDA MERIDIANBET BELGRADE,RED,CZV,OLYMPIACOS PIRAEUS,OLY,OLY,true,true,false,T2
32,RS,AVG,TURKCELL BASKETBALL DEVELOPMENT CENTER,10000,"Mar 19, 2027",18:00,21:30,Regular Season,316,E2026_316,BESIKTAS ISTANBUL,BES,BJK,ANADOLU EFES ISTANBUL,IST,EFS,true,true,false,T2
32,RS,ATI,MOVISTAR ARENA,13109,"Mar 18, 2027",20:45,00:15,Regular Season,314,E2026_314,REAL MADRID,MAD,RMB,KOSNER BASKONIA VITORIA-GASTEIZ,BAS,KBA,true,true,false,T1
32,RS,AUM,TELEKOM CENTER ATHENS,18500,"Mar 18, 2027",20:15,23:45,Regular Season,315,E2026_315,PANATHINAIKOS AKTOR ATHENS,PAN,PAO,ZALGIRIS KAUNAS,ZAL,ZAL,true,true,false,T1
32,RS,ASR,ASTROBALLE,5560,"Mar 19, 2027",20:00,23:30,Regular Season,319,E2026_319,LDLC ASVEL VILLEURBANNE,ASV,ASV,VIRTUS BOLOGNA,VIR,VIR,true,true,false,T2
32,RS,ATM,BELGRADE ARENA,21000,"Mar 18, 2027",20:45,00:15,Regular Season,312,E2026_312,PARTIZAN MOZZART BET BELGRADE,PAR,PAR,FC BAYERN MUNICH,MUN,BAY,true,true,false,T1
32,RS,AMH,PALAU BLAUGRANA,7585,"Mar 19, 2027",20:30,00:00,Regular Season,320,E2026_320,FC BARCELONA,BAR,BAR,HAPOEL IBI TEL AVIV,HTA,HTA,true,true,false,T2
32,RS,ACA,COCA-COLA ARENA,13221,"Mar 19, 2027",17:00,20:30,Regular Season,318,E2026_318,DUBAI BASKETBALL,DUB,DUB,ARMANI OLIMPIA MILAN,MIL,MIL,true,true,false,T2
32,RS,AUF,ALEKSANDAR NIKOLIC HALL,8000,"Mar 18, 2027",20:05,23:35,Regular Season,311,E2026_311,MACCABI RAPYD TEL AVIV,TEL,MTA,VALENCIA BASKET,PAM,VBC,true,true,false,T1
32,RS,AMY,ULKER SPORTS AND EVENT HALL,13000,"Mar 18, 2027",18:45,22:15,Regular Season,313,E2026_313,FENERBAHCE TARFIN ISTANBUL,ULK,FBT,PARIS BASKETBALL,PRS,PBB,true,true,false,T1
33,RS,ASF,PEACE AND FRIENDSHIP STADIUM,12700,"Mar 24, 2027",20:15,23:45,Regular Season,330,E2026_330,OLYMPIACOS PIRAEUS,OLY,OLY,FC BARCELONA,BAR,BAR,true,true,false,T2
33,RS,ACA,COCA-COLA ARENA,13221,"Mar 23, 2027",17:00,20:30,Regular Season,321,E2026_321,DUBAI BASKETBALL,DUB,DUB,KOSNER BASKONIA VITORIA-GASTEIZ,BAS,KBA,true,true,false,T1
33,RS,ATJ,ZALGIRIO ARENA,15415,"Mar 24, 2027",19:00,22:30,Regular Season,327,E2026_327,ZALGIRIS KAUNAS,ZAL,ZAL,MACCABI RAPYD TEL AVIV,TEL,MTA,true,true,false,T2
33,RS,ATM,BELGRADE ARENA,21000,"Mar 23, 2027",20:45,00:15,Regular Season,326,E2026_326,PARTIZAN MOZZART BET BELGRADE,PAR,PAR,VIRTUS BOLOGNA,VIR,VIR,true,true,false,T1
33,RS,AUZ,LDLC ARENA,12523,"Mar 23, 2027",20:00,23:30,Regular Season,323,E2026_323,LDLC ASVEL VILLEURBANNE,ASV,ASV,PANATHINAIKOS AKTOR ATHENS,PAN,PAO,true,true,false,T1
33,RS,AVB1,ADIDAS ARENA,8000,"Mar 23, 2027",20:45,00:15,Regular Season,325,E2026_325,PARIS BASKETBALL,PRS,PBB,ARMANI OLIMPIA MILAN,MIL,MIL,true,true,false,T1
33,RS,AVJ,ROIG ARENA,15600,"Mar 24, 2027",20:30,00:00,Regular Season,329,E2026_329,VALENCIA BASKET,PAM,VBC,BESIKTAS ISTANBUL,BES,BJK,true,true,false,T2
33,RS,AVG,TURKCELL BASKETBALL DEVELOPMENT CENTER,10000,"Mar 23, 2027",18:30,22:00,Regular Season,324,E2026_324,ANADOLU EFES ISTANBUL,IST,EFS,CRVENA ZVEZDA MERIDIANBET BELGRADE,RED,CZV,true,true,false,T1
33,RS,AVK,ARENA 8888 SOFIA,12373,"Mar 23, 2027",19:00,22:30,Regular Season,322,E2026_322,HAPOEL IBI TEL AVIV,HTA,HTA,FENERBAHCE TARFIN ISTANBUL,ULK,FBT,true,true,false,T1
33,RS,AVE,SAP GARDEN,11500,"Mar 24, 2027",20:00,23:30,Regular Season,328,E2026_328,FC BAYERN MUNICH,MUN,BAY,REAL MADRID,MAD,RMB,true,true,false,T2
34,RS,AUZ,LDLC ARENA,12523,"Mar 25, 2027",20:00,23:30,Regular Season,332,E2026_332,LDLC ASVEL VILLEURBANNE,ASV,ASV,PARIS BASKETBALL,PRS,PBB,true,true,false,T1
34,RS,ASF,PEACE AND FRIENDSHIP STADIUM,12700,"Mar 26, 2027",20:15,23:45,Regular Season,340,E2026_340,OLYMPIACOS PIRAEUS,OLY,OLY,VIRTUS BOLOGNA,VIR,VIR,true,true,false,T2
34,RS,AUM,TELEKOM CENTER ATHENS,18500,"Mar 25, 2027",20:15,23:45,Regular Season,334,E2026_334,PANATHINAIKOS AKTOR ATHENS,PAN,PAO,PARTIZAN MOZZART BET BELGRADE,PAR,PAR,true,true,false,T1
34,RS,ATI,MOVISTAR ARENA,13109,"Mar 26, 2027",20:45,00:15,Regular Season,339,E2026_339,REAL MADRID,MAD,RMB,BESIKTAS ISTANBUL,BES,BJK,true,true,false,T2
34,RS,AMY,ULKER SPORTS AND EVENT HALL,13000,"Mar 26, 2027",18:45,22:15,Regular Season,338,E2026_338,FENERBAHCE TARFIN ISTANBUL,ULK,FBT,FC BARCELONA,BAR,BAR,true,true,false,T2
34,RS,AVE,SAP GARDEN,11500,"Mar 26, 2027",20:00,23:30,Regular Season,337,E2026_337,FC BAYERN MUNICH,MUN,BAY,ZALGIRIS KAUNAS,ZAL,ZAL,true,true,false,T2
34,RS,AVK,ARENA 8888 SOFIA,12373,"Mar 25, 2027",19:00,22:30,Regular Season,331,E2026_331,HAPOEL IBI TEL AVIV,HTA,HTA,DUBAI BASKETBALL,DUB,DUB,true,true,false,T1
34,RS,AVG,TURKCELL BASKETBALL DEVELOPMENT CENTER,10000,"Mar 25, 2027",18:30,22:00,Regular Season,333,E2026_333,ANADOLU EFES ISTANBUL,IST,EFS,KOSNER BASKONIA VITORIA-GASTEIZ,BAS,KBA,true,true,false,T1
34,RS,ASX,UNIPOL FORUM,12657,"Mar 26, 2027",20:30,00:00,Regular Season,336,E2026_336,ARMANI OLIMPIA MILAN,MIL,MIL,MACCABI RAPYD TEL AVIV,TEL,MTA,true,true,false,T2
34,RS,ATM,BELGRADE ARENA,21000,"Mar 26, 2027",20:00,23:30,Regular Season,335,E2026_335,CRVENA ZVEZDA MERIDIANBET BELGRADE,RED,CZV,VALENCIA BASKET,PAM,VBC,true,true,false,T2
35,RS,AUF,ALEKSANDAR NIKOLIC HALL,8000,"Apr 01, 2027",20:05,23:35,Regular Season,344,E2026_344,MACCABI RAPYD TEL AVIV,TEL,MTA,FENERBAHCE TARFIN ISTANBUL,ULK,FBT,true,true,false,T1
35,RS,AVB1,ADIDAS ARENA,8000,"Apr 01, 2027",20:45,00:15,Regular Season,347,E2026_347,PARIS BASKETBALL,PRS,PBB,DUBAI BASKETBALL,DUB,DUB,true,true,false,T1
35,RS,ATJ,ZALGIRIO ARENA,15415,"Mar 31, 2027",20:00,23:30,Regular Season,341,E2026_341,ZALGIRIS KAUNAS,ZAL,ZAL,HAPOEL IBI TEL AVIV,HTA,HTA,true,true,false,T1
35,RS,ASX,UNIPOL FORUM,12657,"Apr 01, 2027",20:30,00:00,Regular Season,345,E2026_345,ARMANI OLIMPIA MILAN,MIL,MIL,BESIKTAS ISTANBUL,BES,BJK,true,true,false,T1
35,RS,AUC,BUESA ARENA,15431,"Apr 02, 2027",20:30,00:00,Regular Season,348,E2026_348,KOSNER BASKONIA VITORIA-GASTEIZ,BAS,KBA,FC BAYERN MUNICH,MUN,BAY,true,true,false,T2
35,RS,AMH,PALAU BLAUGRANA,7585,"Apr 02, 2027",20:30,00:00,Regular Season,349,E2026_349,FC BARCELONA,BAR,BAR,PANATHINAIKOS AKTOR ATHENS,PAN,PAO,true,true,false,T2
35,RS,ATM,BELGRADE ARENA,21000,"Apr 02, 2027",20:45,00:15,Regular Season,350,E2026_350,PARTIZAN MOZZART BET BELGRADE,PAR,PAR,LDLC ASVEL VILLEURBANNE,ASV,ASV,true,true,false,T2
35,RS,AUK,VIRTUS ARENA,9800,"Mar 31, 2027",20:30,00:00,Regular Season,342,E2026_342,VIRTUS BOLOGNA,VIR,VIR,CRVENA ZVEZDA MERIDIANBET BELGRADE,RED,CZV,true,true,false,T1
35,RS,AVJ,ROIG ARENA,15600,"Apr 01, 2027",20:30,00:00,Regular Season,346,E2026_346,VALENCIA BASKET,PAM,VBC,REAL MADRID,MAD,RMB,true,true,false,T1
35,RS,AVG,TURKCELL BASKETBALL DEVELOPMENT CENTER,10000,"Mar 31, 2027",19:30,23:00,Regular Season,343,E2026_343,ANADOLU EFES ISTANBUL,IST,EFS,OLYMPIACOS PIRAEUS,OLY,OLY,true,true,false,T1
36,RS,AVG,TURKCELL BASKETBALL DEVELOPMENT CENTER,10000,"Apr 06, 2027",19:00,22:30,Regular Season,351,E2026_351,BESIKTAS ISTANBUL,BES,BJK,HAPOEL IBI TEL AVIV,HTA,HTA,true,true,false,T1
36,RS,AMY,ULKER SPORTS AND EVENT HALL,13000,"Apr 06, 2027",19:45,23:15,Regular Season,356,E2026_356,FENERBAHCE TARFIN ISTANBUL,ULK,FBT,OLYMPIACOS PIRAEUS,OLY,OLY,true,true,false,T1
36,RS,ACA,COCA-COLA ARENA,13221,"Apr 07, 2027",18:00,21:30,Regular Season,359,E2026_359,DUBAI BASKETBALL,DUB,DUB,ZALGIRIS KAUNAS,ZAL,ZAL,true,true,false,T2
36,RS,AMH,PALAU BLAUGRANA,7585,"Apr 06, 2027",20:45,00:15,Regular Season,354,E2026_354,FC BARCELONA,BAR,BAR,FC BAYERN MUNICH,MUN,BAY,true,true,false,T1
36,RS,AUC,BUESA ARENA,15431,"Apr 06, 2027",20:30,00:00,Regular Season,353,E2026_353,KOSNER BASKONIA VITORIA-GASTEIZ,BAS,KBA,LDLC ASVEL VILLEURBANNE,ASV,ASV,true,true,false,T1
36,RS,AVB1,ADIDAS ARENA,8000,"Apr 06, 2027",20:45,00:15,Regular Season,357,E2026_357,PARIS BASKETBALL,PRS,PBB,ANADOLU EFES ISTANBUL,IST,EFS,true,true,false,T1
36,RS,ATI,MOVISTAR ARENA,13109,"Apr 06, 2027",20:45,00:15,Regular Season,358,E2026_358,REAL MADRID,MAD,RMB,ARMANI OLIMPIA MILAN,MIL,MIL,true,true,false,T1
36,RS,ATM,BELGRADE ARENA,21000,"Apr 06, 2027",20:30,00:00,Regular Season,352,E2026_352,CRVENA ZVEZDA MERIDIANBET BELGRADE,RED,CZV,PANATHINAIKOS AKTOR ATHENS,PAN,PAO,true,true,false,T1
36,RS,AUK,VIRTUS ARENA,9800,"Apr 06, 2027",20:30,00:00,Regular Season,355,E2026_355,VIRTUS BOLOGNA,VIR,VIR,VALENCIA BASKET,PAM,VBC,true,true,false,T1
36,RS,AUF,ALEKSANDAR NIKOLIC HALL,8000,"Apr 07, 2027",18:00,21:30,Regular Season,360,E2026_360,MACCABI RAPYD TEL AVIV,TEL,MTA,PARTIZAN MOZZART BET BELGRADE,PAR,PAR,true,true,false,T2
37,RS,AVK,ARENA 8888 SOFIA,12373,"Apr 08, 2027",19:00,22:30,Regular Season,361,E2026_361,HAPOEL IBI TEL AVIV,HTA,HTA,CRVENA ZVEZDA MERIDIANBET BELGRADE,RED,CZV,true,true,false,T1
37,RS,AVB1,ADIDAS ARENA,8000,"Apr 08, 2027",20:45,00:15,Regular Season,366,E2026_366,PARIS BASKETBALL,PRS,PBB,FC BARCELONA,BAR,BAR,true,true,false,T1
37,RS,AUZ,LDLC ARENA,12523,"Apr 08, 2027",20:00,23:30,Regular Season,362,E2026_362,LDLC ASVEL VILLEURBANNE,ASV,ASV,REAL MADRID,MAD,RMB,true,true,false,T1
37,RS,AVJ,ROIG ARENA,15600,"Apr 08, 2027",20:30,00:00,Regular Season,365,E2026_365,VALENCIA BASKET,PAM,VBC,ANADOLU EFES ISTANBUL,IST,EFS,true,true,false,T1
37,RS,AUM,TELEKOM CENTER ATHENS,18500,"Apr 08, 2027",20:15,23:45,Regular Season,367,E2026_367,PANATHINAIKOS AKTOR ATHENS,PAN,PAO,VIRTUS BOLOGNA,VIR,VIR,true,true,false,T1
37,RS,AVG,TURKCELL BASKETBALL DEVELOPMENT CENTER,10000,"Apr 09, 2027",19:00,22:30,Regular Season,368,E2026_368,BESIKTAS ISTANBUL,BES,BJK,MACCABI RAPYD TEL AVIV,TEL,MTA,true,true,false,T2
37,RS,ASX,UNIPOL FORUM,12657,"Apr 08, 2027",20:30,00:00,Regular Season,363,E2026_363,ARMANI OLIMPIA MILAN,MIL,MIL,KOSNER BASKONIA VITORIA-GASTEIZ,BAS,KBA,true,true,false,T1
37,RS,AVE,SAP GARDEN,11500,"Apr 08, 2027",20:00,23:30,Regular Season,364,E2026_364,FC BAYERN MUNICH,MUN,BAY,FENERBAHCE TARFIN ISTANBUL,ULK,FBT,true,true,false,T1
37,RS,ATM,BELGRADE ARENA,21000,"Apr 09, 2027",20:45,00:15,Regular Season,369,E2026_369,PARTIZAN MOZZART BET BELGRADE,PAR,PAR,DUBAI BASKETBALL,DUB,DUB,true,true,false,T2
37,RS,ASF,PEACE AND FRIENDSHIP STADIUM,12700,"Apr 09, 2027",20:15,23:45,Regular Season,370,E2026_370,OLYMPIACOS PIRAEUS,OLY,OLY,ZALGIRIS KAUNAS,ZAL,ZAL,true,true,false,T2
38,RS,AVB1,ADIDAS ARENA,8000,"Apr 15, 2027",20:45,00:15,Regular Season,375,E2026_375,PARIS BASKETBALL,PRS,PBB,FC BAYERN MUNICH,MUN,BAY,true,true,false,T1
38,RS,AVG,TURKCELL BASKETBALL DEVELOPMENT CENTER,10000,"Apr 16, 2027",19:00,22:30,Regular Season,377,E2026_377,BESIKTAS ISTANBUL,BES,BJK,VIRTUS BOLOGNA,VIR,VIR,true,true,false,T2
38,RS,AUF,ALEKSANDAR NIKOLIC HALL,8000,"Apr 15, 2027",20:05,23:35,Regular Season,373,E2026_373,MACCABI RAPYD TEL AVIV,TEL,MTA,KOSNER BASKONIA VITORIA-GASTEIZ,BAS,KBA,true,true,false,T1
38,RS,ACA,COCA-COLA ARENA,13221,"Apr 16, 2027",18:00,21:30,Regular Season,378,E2026_378,DUBAI BASKETBALL,DUB,DUB,LDLC ASVEL VILLEURBANNE,ASV,ASV,true,true,false,T2
38,RS,ATM,BELGRADE ARENA,21000,"Apr 15, 2027",20:00,23:30,Regular Season,372,E2026_372,CRVENA ZVEZDA MERIDIANBET BELGRADE,RED,CZV,ARMANI OLIMPIA MILAN,MIL,MIL,true,true,false,T1
38,RS,AVG,TURKCELL BASKETBALL DEVELOPMENT CENTER,10000,"Apr 15, 2027",19:30,23:00,Regular Season,374,E2026_374,ANADOLU EFES ISTANBUL,IST,EFS,HAPOEL IBI TEL AVIV,HTA,HTA,true,true,false,T1
38,RS,ATJ,ZALGIRIO ARENA,15415,"Apr 15, 2027",19:00,22:30,Regular Season,371,E2026_371,ZALGIRIS KAUNAS,ZAL,ZAL,FENERBAHCE TARFIN ISTANBUL,ULK,FBT,true,true,false,T1
38,RS,ASF,PEACE AND FRIENDSHIP STADIUM,12700,"Apr 16, 2027",20:15,23:45,Regular Season,380,E2026_380,OLYMPIACOS PIRAEUS,OLY,OLY,VALENCIA BASKET,PAM,VBC,true,true,false,T2
38,RS,AMH,PALAU BLAUGRANA,7585,"Apr 16, 2027",20:30,00:00,Regular Season,379,E2026_379,FC BARCELONA,BAR,BAR,PARTIZAN MOZZART BET BELGRADE,PAR,PAR,true,true,false,T2
38,RS,AUM,TELEKOM CENTER ATHENS,18500,"Apr 15, 2027",20:15,23:45,Regular Season,376,E2026_376,PANATHINAIKOS AKTOR ATHENS,PAN,PAO,REAL MADRID,MAD,RMB,true,true,false,T1
