team,round,turn
ASV,1,T1
BAR,1,T1
BAS,1,T1
BES,1,T2
DUB,1,T1
HTA,1,T1
IST,1,T1
MAD,1,T1
MIL,1,T2
MUN,1,T1
OLY,1,T1
PAM,1,T2
PAN,1,T1
PAR,1,T2
PRS,1,T1
RED,1,T1
TEL,1,T1
ULK,1,T2
VIR,1,T2
ZAL,1,T1
ASV,2,T2
BAR,2,T1
BAS,2,T1
BES,2,T2
DUB,2,T1
HTA,2,T1
IST,2,T1
MAD,2,T1
MIL,2,T1
MUN,2,T1
OLY,2,T1
PAM,2,T1
PAN,2,T2
PAR,2,T1
PRS,2,T1
RED,2,T1
TEL,2,T2
ULK,2,T1
VIR,2,T1
ZAL,2,T1
ASV,3,T2
BAR,3,T2
BAS,3,T2
BES,3,T2
DUB,3,T2
HTA,3,T1
IST,3,T1
MAD,3,T1
MIL,3,T2
MUN,3,T2
OLY,3,T1
PAM,3,T2
PAN,3,T2
PAR,3,T2
PRS,3,T1
RED,3,T1
TEL,3,T2
ULK,3,T2
VIR,3,T1
ZAL,3,T1
ASV,4,T1
BAR,4,T2
BAS,4,T2
BES,4,T2
DUB,4,T1
HTA,4,T1
IST,4,T2
MAD,4,T1
MIL,4,T1
MUN,4,T1
OLY,4,T2
PAM,4,T1
PAN,4,T1
PAR,4,T1
PRS,4,T1
RED,4,T1
TEL,4,T1
ULK,4,T1
VIR,4,T1
ZAL,4,T2
ASV,5,T1
BAR,5,T1
BAS,5,T1
BES,5,T2
DUB,5,T1
HTA,5,T2
IST,5,T2
MAD,5,T1
MIL,5,T1
MUN,5,T2
OLY,5,T1
PAM,5,T1
PAN,5,T1
PAR,5,T1
PRS,5,T2
RED,5,T1
TEL,5,T1
ULK,5,T1
VIR,5,T2
ZAL,5,T1
ASV,6,T1
BAR,6,T2
BAS,6,T2
BES,6,T2
DUB,6,T1
HTA,6,T2
IST,6,T2
MAD,6,T1
MIL,6,T1
MUN,6,T2
OLY,6,T2
PAM,6,T1
PAN,6,T2
PAR,6,T1
PRS,6,T2
RED,6,T2
TEL,6,T1
ULK,6,T1
VIR,6,T2
ZAL,6,T2
ASV,7,T2
BAR,7,T1
BAS,7,T1
BES,7,T1
DUB,7,T1
HTA,7,T1
IST,7,T1
MAD,7,T1
MIL,7,T1
MUN,7,T1
OLY,7,T2
PAM,7,T2
PAN,7,T1
PAR,7,T1
PRS,7,T2
RED,7,T1
TEL,7,T1
ULK,7,T2
VIR,7,T1
ZAL,7,T2
ASV,8,T2
BAR,8,T1
BAS,8,T1
BES,8,T2
DUB,8,T1
HTA,8,T2
IST,8,T2
MAD,8,T1
MIL,8,T1
MUN,8,T1
OLY,8,T2
PAM,8,T1
PAN,8,T1
PAR,8,T2
PRS,8,T1
RED,8,T1
TEL,8,T1
ULK,8,T1
VIR,8,T2
ZAL,8,T2
ASV,9,T2
BAR,9,T2
BAS,9,T2
BES,9,T2
DUB,9,T2
HTA,9,T2
IST,9,T2
MAD,9,T1
MIL,9,T2
MUN,9,T1
OLY,9,T2
PAM,9,T2
PAN,9,T2
PAR,9,T2
PRS,9,T1
RED,9,T1
TEL,9,T1
ULK,9,T1
VIR,9,T2
ZAL,9,T2
ASV,10,T1
BAR,10,T1
BAS,10,T1
BES,10,T2
DUB,10,T2
HTA,10,T1
IST,10,T1
MAD,10,T1
MIL,10,T1
MUN,10,T1
OLY,10,T2
PAM,10,T1
PAN,10,T1
PAR,10,T2
PRS,10,T1
RED,10,T2
TEL,10,T2
ULK,10,T1
VIR,10,T2
ZAL,10,T2
ASV,11,T2
BAR,11,T2
BAS,11,T1
BES,11,T2
DUB,11,T1
HTA,11,T1
IST,11,T2
MAD,11,T1
MIL,11,T1
MUN,11,T1
OLY,11,T1
PAM,11,T1
PAN,11,T2
PAR,11,T1
PRS,11,T1
RED,11,T1
TEL,11,T1
ULK,11,T1
VIR,11,T2
ZAL,11,T1
ASV,12,T1
BAR,12,T1
BAS,12,T1
BES,12,T2
DUB,12,T1
HTA,12,T1
IST,12,T1
MAD,12,T2
MIL,12,T1
MUN,12,T1
OLY,12,T1
PAM,12,T1
PAN,12,T1
PAR,12,T1
PRS,12,T1
RED,12,T1
TEL,12,T1
ULK,12,T1
VIR,12,T1
ZAL,12,T1
ASV,13,T2
BAR,13,T2
BAS,13,T1
BES,13,T2
DUB,13,T1
HTA,13,T1
IST,13,T2
MAD,13,T2
MIL,13,T1
MUN,13,T1
OLY,13,T2
PAM,13,T1
PAN,13,T1
PAR,13,T2
PRS,13,T1
RED,13,T2
TEL,13,T1
ULK,13,T1
VIR,13,T1
ZAL,13,T1
ASV,14,T1
BAR,14,T1
BAS,14,T2
BES,14,T1
DUB,14,T2
HTA,14,T2
IST,14,T2
MAD,14,T2
MIL,14,T1
MUN,14,T1
OLY,14,T2
PAM,14,T1
PAN,14,T1
PAR,14,T2
PRS,14,T1
RED,14,T1
TEL,14,T1
ULK,14,T1
VIR,14,T1
ZAL,14,T2
ASV,15,T2
BAR,15,T1
BAS,15,T2
BES,15,T2
DUB,15,T2
HTA,15,T1
IST,15,T1
MAD,15,T1
MIL,15,T1
MUN,15,T1
OLY,15,T2
PAM,15,T1
PAN,15,T2
PAR,15,T2
PRS,15,T1
RED,15,T1
TEL,15,T2
ULK,15,T1
VIR,15,T2
ZAL,15,T2
ASV,16,T1
BAR,16,T2
BAS,16,T1
BES,16,T2
DUB,16,T2
HTA,16,T1
IST,16,T1
MAD,16,T1
MIL,16,T1
MUN,16,T1
OLY,16,T2
PAM,16,T1
PAN,16,T2
PAR,16,T2
PRS,16,T1
RED,16,T1
TEL,16,T2
ULK,16,T1
VIR,16,T2
ZAL,16,T1
ASV,17,T1
BAR,17,T2
BAS,17,T2
BES,17,T2
DUB,17,T1
HTA,17,T1
IST,17,T1
MAD,17,T1
MIL,17,T2
MUN,17,T1
OLY,17,T1
PAM,17,T1
PAN,17,T2
PAR,17,T1
PRS,17,T1
RED,17,T2
TEL,17,T1
ULK,17,T1
VIR,17,T1
ZAL,17,T1
ASV,18,T1
BAR,18,T2
BAS,18,T2
BES,18,T2
DUB,18,T1
HTA,18,T1
IST,18,T2
MAD,18,T1
MIL,18,T2
MUN,18,T2
OLY,18,T2
PAM,18,T1
PAN,18,T2
PAR,18,T2
PRS,18,T2
RED,18,T2
TEL,18,T1
ULK,18,T1
VIR,18,T2
ZAL,18,T1
ASV,19,T1
BAR,19,T1
BAS,19,T2
BES,19,T1
DUB,19,T2
HTA,19,T1
IST,19,T2
MAD,19,T1
MIL,19,T2
MUN,19,T1
OLY,19,T1
PAM,19,T2
PAN,19,T2
PAR,19,T1
PRS,19,T2
RED,19,T2
TEL,19,T2
ULK,19,T1
VIR,19,T1
ZAL,19,T2
ASV,20,T2
BAR,20,T2
BAS,20,T1
BES,20,T2
DUB,20,T1
HTA,20,T1
IST,20,T2
MAD,20,T1
MIL,20,T2
MUN,20,T2
OLY,20,T2
PAM,20,T1
PAN,20,T1
PAR,20,T1
PRS,20,T2
RED,20,T2
TEL,20,T1
ULK,20,T1
VIR,20,T2
ZAL,20,T1
ASV,21,T2
BAR,21,T1
BAS,21,T2
BES,21,T1
DUB,21,T2
HTA,21,T1
IST,21,T1
MAD,21,T1
MIL,21,T1
MUN,21,T2
OLY,21,T1
PAM,21,T1
PAN,21,T1
PAR,21,T1
PRS,21,T1
RED,21,T2
TEL,21,T1
ULK,21,T1
VIR,21,T2
ZAL,21,T1
ASV,22,T1
BAR,22,T1
BAS,22,T2
BES,22,T2
DUB,22,T1
HTA,22,T1
IST,22,T1
MAD,22,T1
MIL,22,T1
MUN,22,T1
OLY,22,T2
PAM,22,T1
PAN,22,T1
PAR,22,T2
PRS,22,T1
RED,22,T1
TEL,22,T1
ULK,22,T1
VIR,22,T1
ZAL,22,T1
ASV,23,T1
BAR,23,T2
BAS,23,T2
BES,23,T2
DUB,23,T2
HTA,23,T1
IST,23,T1
MAD,23,T1
MIL,23,T1
MUN,23,T1
OLY,23,T2
PAM,23,T1
PAN,23,T1
PAR,23,T2
PRS,23,T2
RED,23,T1
TEL,23,T2
ULK,23,T2
VIR,23,T2
ZAL,23,T1
ASV,24,T2
BAR,24,T2
BAS,24,T1
BES,24,T1
DUB,24,T2
HTA,24,T1
IST,24,T2
MAD,24,T1
MIL,24,T1
MUN,24,T1
OLY,24,T1
PAM,24,T2
PAN,24,T1
PAR,24,T1
PRS,24,T1
RED,24,T2
TEL,24,T1
ULK,24,T1
VIR,24,T2
ZAL,24,T2
ASV,25,T2
BAR,25,T2
BAS,25,T1
BES,25,T1
DUB,25,T2
HTA,25,T2
IST,25,T2
MAD,25,T2
MIL,25,T2
MUN,25,T1
OLY,25,T1
PAM,25,T1
PAN,25,T2
PAR,25,T2
PRS,25,T1
RED,25,T1
TEL,25,T1
ULK,25,T2
VIR,25,T1
ZAL,25,T1
ASV,26,T2
BAR,26,T2
BAS,26,T1
BES,26,T1
DUB,26,T1
HTA,26,T2
IST,26,T1
MAD,26,T1
MIL,26,T2
MUN,26,T2
OLY,26,T2
PAM,26,T2
PAN,26,T1
PAR,26,T1
PRS,26,T1
RED,26,T2
TEL,26,T1
ULK,26,T1
VIR,26,T1
ZAL,26,T1
ASV,27,T2
BAR,27,T2
BAS,27,T2
BES,27,T1
DUB,27,T1
HTA,27,T2
IST,27,T1
MAD,27,T1
MIL,27,T2
MUN,27,T2
OLY,27,T2
PAM,27,T2
PAN,27,T2
PAR,27,T2
PRS,27,T1
RED,27,T2
TEL,27,T1
ULK,27,T2
VIR,27,T1
ZAL,27,T1
ASV,28,T1
BAR,28,T1
BAS,28,T1
BES,28,T1
DUB,28,T1
HTA,28,T1
IST,28,T1
MAD,28,T2
MIL,28,T2
MUN,28,T1
OLY,28,T2
PAM,28,T1
PAN,28,T2
PAR,28,T1
PRS,28,T1
RED,28,T1
TEL,28,T1
ULK,28,T2
VIR,28,T1
ZAL,28,T2
ASV,29,T2
BAR,29,T2
BAS,29,T1
BES,29,T1
DUB,29,T2
HTA,29,T1
IST,29,T2
MAD,29,T2
MIL,29,T2
MUN,29,T2
OLY,29,T2
PAM,29,T1
PAN,29,T1
PAR,29,T1
PRS,29,T1
RED,29,T2
TEL,29,T1
ULK,29,T2
VIR,29,T1
ZAL,29,T1
ASV,30,T1
BAR,30,T1
BAS,30,T1
BES,30,T1
DUB,30,T2
HTA,30,T1
IST,30,T1
MAD,30,T1
MIL,30,T2
MUN,30,T1
OLY,30,T2
PAM,30,T2
PAN,30,T1
PAR,30,T1
PRS,30,T1
RED,30,T1
TEL,30,T1
ULK,30,T1
VIR,30,T1
ZAL,30,T1
ASV,31,T1
BAR,31,T2
BAS,31,T2
BES,31,T2
DUB,31,T2
HTA,31,T1
IST,31,T1
MAD,31,T1
MIL,31,T2
MUN,31,T1
OLY,31,T2
PAM,31,T2
PAN,31,T1
PAR,31,T1
PRS,31,T1
RED,31,T2
TEL,31,T1
ULK,31,T2
VIR,31,T1
ZAL,31,T2
ASV,32,T2
BAR,32,T2
BAS,32,T1
BES,32,T2
DUB,32,T2
HTA,32,T2
IST,32,T2
MAD,32,T1
MIL,32,T2
MUN,32,T1
OLY,32,T2
PAM,32,T1
PAN,32,T1
PAR,32,T1
PRS,32,T1
RED,32,T2
TEL,32,T1
ULK,32,T1
VIR,32,T2
ZAL,32,T1
ASV,33,T1
BAR,33,T2
BAS,33,T1
BES,33,T2
DUB,33,T1
HTA,33,T1
IST,33,T1
MAD,33,T2
MIL,33,T1
MUN,33,T2
OLY,33,T2
PAM,33,T2
PAN,33,T1
PAR,33,T1
PRS,33,T1
RED,33,T1
TEL,33,T2
ULK,33,T1
VIR,33,T1
ZAL,33,T2
ASV,34,T1
BAR,34,T2
BAS,34,T1
BES,34,T2
DUB,34,T1
HTA,34,T1
IST,34,T1
MAD,34,T2
MIL,34,T2
MUN,34,T2
OLY,34,T2
PAM,34,T2
PAN,34,T1
PAR,34,T1
PRS,34,T1
RED,34,T2
TEL,34,T2
ULK,34,T2
VIR,34,T2
ZAL,34,T2
ASV,35,T2
BAR,35,T2
BAS,35,T2
BES,35,T1
DUB,35,T1
HTA,35,T1
IST,35,T1
MAD,35,T1
MIL,35,T1
MUN,35,T2
OLY,35,T1
PAM,35,T1
PAN,35,T2
PAR,35,T2
PRS,35,T1
RED,35,T1
TEL,35,T1
ULK,35,T1
VIR,35,T1
ZAL,35,T1
ASV,36,T1
BAR,36,T1
BAS,36,T1
BES,36,T1
DUB,36,T2
HTA,36,T1
IST,36,T1
MAD,36,T1
MIL,36,T1
MUN,36,T1
OLY,36,T1
PAM,36,T1
PAN,36,T1
PAR,36,T2
PRS,36,T1
RED,36,T1
TEL,36,T2
ULK,36,T1
VIR,36,T1
ZAL,36,T2
ASV,37,T1
BAR,37,T1
BAS,37,T1
BES,37,T2
DUB,37,T2
HTA,37,T1
IST,37,T1
MAD,37,T1
MIL,37,T1
MUN,37,T1
OLY,37,T2
PAM,37,T1
PAN,37,T1
PAR,37,T2
PRS,37,T1
RED,37,T1
TEL,37,T2
ULK,37,T1
VIR,37,T1
ZAL,37,T2
ASV,38,T2
BAR,38,T2
BAS,38,T1
BES,38,T2
DUB,38,T2
HTA,38,T1
IST,38,T1
MAD,38,T1
MIL,38,T1
MUN,38,T1
OLY,38,T2
PAM,38,T2
PAN,38,T1
PAR,38,T2
PRS,38,T1
RED,38,T1
TEL,38,T1
ULK,38,T1
VIR,38,T2
ZAL,38,T1
