player_id,name,team,position,turn,price,exp_pir,exp_pir_adj,in_prev_roster
3766,S. Vezenkov,OLY,F,1,17.6,22.13,22.13,1
3765,M. James,EFS,G,1,16.3,19.05,19.05,0
3770,C. Moneke,CZV,F,1,15.2,18.51,18.51,0
3903,E. Bryant,HTA,G,1,15.3,19.58,19.58,0
11549,J. Valanciunas,ZAL,C,1,15.9,15.50,15.50,1
3782,N. Milutinov,OLY,C,1,14.8,19.45,19.45,0
3795,T. Shorts,VBC,G,1,15.1,7.93,7.93,0
3834,N. Hifi,PBB,G,1,14.4,17.57,17.57,0
3887,S. Francisco,PAO,G,2,14.9,19.19,19.19,1
3812,J. Hoard,MTA,F,2,15,16.14,16.14,0
3769,W. Tavares,RMB,C,1,14.3,15.46,15.46,0
3805,K. Nunn,PAO,G,2,14.5,15.65,15.65,0
4233,M. Kabengele,DUB,C,1,14.5,17.36,17.36,0
11487,D. Saric,EFS,F,1,14.9,14.50,14.50,0
3768,M. Lessort,PAO,C,2,15,12.14,12.14,0
11526,G. Yabusele,PAO,F,2,14.2,14.30,14.30,0
3771,W. Baldwin,FBT,G,1,14.2,14.30,14.30,0
3857,D. Oturu,HTA,C,1,14.9,16.76,16.76,0
3843,M. Wright,MIL,C,1,13.7,17.14,17.14,0
3774,T. Shengelia,DUB,F,1,13.3,15.35,15.35,0
3772,F. Campazzo,RMB,G,1,13.4,14.43,14.43,0
3794,K. Punter,BAR,G,1,14,13.26,13.26,0
3791,C. Jones,PAR,G,1,14.5,11.81,11.81,0
3767,S. Larkin,FBT,G,1,13.4,15.08,15.08,0
4096,M. Wright,DUB,G,1,13.7,17.14,17.14,0
3787,N. Hayes-davis,PAO,F,2,13.3,12.88,12.88,0
3910,R. Sorkin,MTA,C,2,13.5,14.11,14.11,0
3790,D. Musa,DUB,G,1,13.2,15.61,15.61,0
3799,Z. Leday,HTA,F,1,13.2,15.07,15.07,0
3793,J. Nwora,CZV,F,1,12.8,15.91,15.91,0
3864,T. Luwawu-Cabarrot,RMB,F,1,12.4,16.39,16.39,0
4252,J. Montero,OLY,G,1,13.1,17.87,17.87,0
3926,F. Petrusev,DUB,F,1,12.5,15.37,15.37,0
8567,T. Horton-Tucker,FBT,G,1,12.8,16.50,16.50,0
7201,D. Bacon,DUB,F,1,13.5,13.93,13.93,0
3874,T. Dorsey,OLY,G,1,13.3,13.67,13.67,0
11507,A. Coffey,HTA,F,1,12.4,12.50,12.50,0
3785,J. Nebo,BAR,C,1,12.4,13.73,13.73,0
3777,W. Clyburn,FBT,F,1,12.3,14.70,14.70,0
3775,S. Shields,FBT,F,1,12.5,12.80,12.80,0
7218,K. Taylor,VBC,F,1,12.6,13.55,13.55,0
11514,P. Mills,ASV,G,2,12.6,12.30,12.30,0
4882,D. Theis,MTA,C,2,12,12.16,12.16,0
7202,J. Robinson,BAR,G,1,12.1,14.36,14.36,0
3807,E. Okobo,DUB,G,1,12.2,11.74,11.74,0
4247,C. Jones,CZV,G,1,14.5,11.81,11.81,0
7193,V. Micic,HTA,G,1,11.7,11.25,11.25,0
3898,A. Zizic,BJK,C,2,12,12.00,12.00,0
3870,T. Jones,OLY,C,1,12.1,13.15,13.15,0
3820,A. Peters,MIL,F,1,12,8.49,8.49,0
3773,N. Mirotic,VBC,F,1,11.8,12.68,12.68,0
3934,I. Bonga,PAO,F,2,11,14.32,14.32,0
11527,T. Warren,PBB,F,1,11.2,11.50,11.50,0
3899,C. Edwards,ZAL,G,1,11.1,10.97,10.97,0
3825,J. Hernangomez,PAO,F,2,11.5,12.32,12.32,0
4712,M. Bingham,FBT,C,1,11.2,11.30,11.30,0
3810,B. Colson,MTA,F,2,10.8,8.68,8.68,0
11503,M. Beauchamp,BAY,F,1,11,11.30,11.30,0
11528,T. Etienne,PBB,G,1,11,11.10,11.10,0
7221,A. Tubelis,ZAL,F,1,11.6,12.74,12.74,0
4164,J. Motley,CZV,C,1,10,8.09,8.09,0
11543,R. Bello,VIR,G,1,10.4,11.00,11.00,0
3808,C. Miller-Mcintyre,OLY,G,1,10.6,15.00,15.00,0
7269,A. Wiley,BAY,C,1,10.7,11.00,11.00,0
3821,D. Hall,OLY,C,1,11,11.47,11.47,0
11522,K. Wallace,MTA,G,2,10.2,10.80,10.80,0
3779,K. Sloukas,PAO,G,2,10.6,12.55,12.55,0
7258,D. Russell,EFS,G,1,10.3,10.70,10.70,0
11494,P. Baldwin Jr,CZV,C,1,10.5,10.60,10.60,0
3815,T. Forrest,FBT,G,1,10.4,14.52,14.52,0
3888,S. Brown,ZAL,G,1,10.6,11.03,11.03,0
11504,J. Thiemann,BAY,C,1,11,10.60,10.60,0
7204,T. Leaf,MTA,F,2,10.4,12.54,12.54,0
11544,T. Frazier,VIR,G,1,10.1,10.50,10.50,0
8808,E. Omoruyi,BJK,F,2,10.6,11.09,11.09,0
3822,J. Bolomboy,ASV,C,2,10.2,7.60,7.60,0
3804,T. Sedekerskis,KBA,F,1,10.5,10.00,10.00,0
4808,B. Fernando,EFS,C,1,10,9.76,9.76,0
7237,N. Reuvers,VBC,F,1,10,10.95,10.95,0
3833,A. Brooks,VBC,G,1,10.2,10.55,10.55,0
3993,M. Strazel,EFS,G,1,10.3,11.05,11.05,0
3792,J. Loyd,EFS,G,1,10.2,10.76,10.76,0
7197,O. Brissett,MTA,F,2,10.2,10.00,10.00,0
7362,U. Gibson,BAR,G,1,10.4,10.20,10.20,0
3946,A. Obst,BAY,G,1,10.6,12.03,12.03,0
11532,E. Thompson,PAR,G,1,9.6,10.10,10.10,0
3806,D. Washington,BAY,G,1,10,11.04,11.04,0
4340,K. Allman,PAR,G,1,9.9,10.10,10.10,0
8368,M. Diakite,DUB,C,1,10,10.14,10.14,0
8721,J. Butler,CZV,G,1,10.1,10.81,10.81,0
3940,N. Weiler-Babb,CZV,G,1,9.4,10.97,10.97,0
11505,J. Juzang,FBT,F,1,9.9,10.00,10.00,0
11511,C. Duarte,KBA,G,1,10,10.00,10.00,0
9064,K. Edwards,VIR,F,1,10,5.62,5.62,0
11515,T. Waters,ASV,G,2,9.4,9.90,9.90,0
11546,B. Klintman,VIR,C,1,9.6,9.90,9.90,0
11545,M. Carr,VIR,G,1,9.6,9.90,9.90,0
11491,D. Dejulius,BJK,G,2,9.7,9.90,9.90,0
4180,D. Dotson,BJK,G,2,9.9,9.90,9.90,0
11529,A. Johnson,PBB,F,1,9.5,9.80,9.80,0
11508,J. Toppin,HTA,F,1,9.9,9.80,9.80,0
3850,T. Maledon,RMB,G,1,10,11.21,11.21,1
4210,A. Brown,BJK,F,2,9.4,9.70,9.70,0
3860,D. Booker,MIL,C,1,9.5,9.58,9.58,0
11492,J. Nowell,BJK,G,2,9.8,9.70,9.70,0
3914,N. Williams-Goss,ZAL,G,1,9.9,10.94,10.94,0
3841,T. Satoransky,HTA,G,1,9.2,10.95,10.95,0
8714,K. Simmons,KBA,G,1,9.4,10.84,10.84,0
7422,E. Osmani,EFS,F,1,9.4,11.36,11.36,0
4675,A. Blakeney,HTA,G,1,9.5,10.46,10.46,0
3875,M. Guduric,MIL,G,1,9.8,11.14,11.14,0
4280,M. Blazevic,ZAL,C,1,9.1,9.50,9.50,0
8730,K. Faried,KBA,C,1,9.2,7.54,7.54,0
4884,J. Clark III,MTA,G,2,9.4,8.59,8.59,0
11516,J. Crowder,ASV,F,2,10.2,9.50,9.50,0
11518,M. Dossou-yovo,ASV,F,2,9.3,9.40,9.40,0
11499,T. Evbuomwan,BAR,F,1,9.3,9.40,9.40,0
3907,J. Blossomgame,DUB,F,1,9.1,10.53,10.53,0
4360,E. Fournier,OLY,G,1,9.3,9.00,9.00,0
7220,E. Izundu,CZV,C,1,9.4,10.33,10.33,0
11530,M. Pereira,PBB,F,1,9.2,9.30,9.30,0
11517,T. Washington,ASV,G,2,9.2,9.30,9.30,0
3981,M. Diouf,VIR,C,1,9.3,10.45,10.45,0
11489,J. Burnell,MIL,F,1,8.8,9.20,9.20,0
3856,I. Cordinier,EFS,G,1,9,8.67,8.67,0
3845,J. Lauvergne,PAR,C,1,9,9.10,9.10,0
11500,S. Umude,BAR,G,1,9,9.10,9.10,0
11534,O. Sarr,RMB,C,1,9,9.10,9.10,0
11536,D. Jones,RMB,C,1,9.2,9.10,9.10,0
3803,G. Deck,RMB,F,1,8.5,8.73,8.73,0
7194,C. Okeke,RMB,F,1,8.9,7.95,7.95,0
11537,G. Corbalan,VBC,G,1,8.9,9.00,9.00,0
11490,G. Mathews,MIL,G,1,8.9,9.00,9.00,0
3859,V. Lucic,BAY,F,1,8.7,10.67,10.67,0
8762,J. Rhoden,PBB,G,1,8.8,8.00,8.00,0
4124,K. Kokila,VIR,C,1,8.8,8.90,8.90,0
7203,M. Norris,BAY,F,1,8.6,4.69,4.69,0
11501,T. Martin,BAR,F,1,8.3,8.80,8.80,0
4108,D. Stewart,KBA,G,1,8.3,8.80,8.80,0
8463,K. Jones,EFS,C,1,8.7,7.39,7.39,0
11519,H. Besson,ASV,G,2,8.7,8.80,8.80,0
3853,J. Grant,PAO,G,2,8.8,8.31,8.31,0
3884,N. Sako,VBC,C,1,9,6.17,6.17,0
3930,Y. Madar,MTA,G,2,9.1,3.19,3.19,0
11512,A. Lawson,KBA,G,1,9.1,8.80,8.80,0
11538,M. Gueye,VBC,F,1,8.6,8.70,8.70,0
3881,L. Bolmaro,MIL,G,1,8.4,10.66,10.66,0
7338,B. Gach,ASV,F,2,8.4,8.70,8.70,0
3831,D. Thompson,MIL,G,1,8.4,9.89,9.89,0
11488,S. Yusta,EFS,F,1,8.4,8.70,8.70,0
4257,J. Pradilla,RMB,F,1,8.6,9.30,9.30,0
11547,W. Moore,VIR,G,1,8.8,11.00,11.00,0
11493,M. Sissoko,BJK,C,2,8.6,8.60,8.60,0
4670,S. Lee,ZAL,G,1,8.5,7.96,7.96,0
3892,R. Jokubaitis,BAY,G,1,8.6,8.60,8.60,0
7268,R. Cole,MIL,G,1,7.9,8.50,8.50,0
12145,N. Smith Jr,RMB,G,1,8.4,8.50,8.50,0
7210,O. Moore,VBC,G,1,8.3,7.77,7.77,0
4081,C. Morgan,BJK,F,2,8.6,8.50,8.50,0
7212,D. Alston Jr.,VIR,F,1,8.2,8.70,8.70,0
3776,W. Gabriel,BJK,C,2,8.3,5.67,5.67,0
11513,D. Baugh,KBA,G,1,8.4,8.40,8.40,0
3905,I. Lundberg,MTA,G,2,7.8,12.38,12.38,0
3780,F. Korkmaz,BJK,F,2,8.2,8.30,8.30,0
4251,B. Badio,PAO,G,2,8.2,9.58,9.58,0
3816,M. Howard,KBA,G,1,8.3,6.91,6.91,0
8846,T. Jekiri,PAR,C,1,8.6,9.87,9.87,0
12460,D. Jeffries,BJK,F,2,7.7,-3.00,-3.00,0
3861,T. Walkup,DUB,G,1,7.8,9.54,9.54,0
3797,M. Fall,PAO,C,2,8.1,5.50,5.50,0
3801,N. Melli,FBT,F,1,8.2,10.11,10.11,0
3925,D. Hall,MIL,G,1,11,11.47,11.47,0
3880,D. Willis,PAR,F,1,8,7.96,7.96,0
3838,C. Malcolm,EFS,F,1,8.1,8.50,8.50,0
11535,M. Shulga,RMB,G,1,7.9,8.00,8.00,0
11509,E. German,HTA,G,1,7.7,8.00,8.00,0
7215,D. Osetkowski,VBC,F,1,7.7,7.29,7.29,0
7226,A. Dokossi,PBB,C,1,8.1,8.62,8.62,0
3980,A. Balcerowski,BAR,C,1,8.3,8.00,8.00,0
7209,L. Stevens,PAR,F,1,8.3,7.96,7.96,0
8727,B. Key,FBT,F,1,8.6,6.62,6.62,0
8834,C. Silva,FBT,C,1,7.6,4.25,4.25,0
7243,N. Sestina,ASV,F,2,7.6,1.54,1.54,0
3826,F. Ntilikina,PBB,G,1,7.7,2.58,2.58,0
11502,O. Nkamhoua,BAR,F,1,7.7,6.60,6.60,0
4097,N. Tanaskovic,PAR,C,1,7.9,7.80,7.80,0
3818,B. Caboclo,HTA,C,1,7.6,7.00,7.00,0
4758,P. Dozier,EFS,G,1,7.4,7.12,7.12,0
3960,T. Blatt,HTA,G,1,7.6,8.84,8.84,0
4195,J. Jessup,BAY,G,1,7.8,7.86,7.86,0
3824,L. Vildoza,PAR,G,1,7.8,9.90,9.90,0
8728,A. Len,KBA,C,1,7.6,3.70,3.70,0
3828,G. Papagiannis,EFS,C,1,7.5,5.20,5.20,0
4159,K. Carrington,HTA,G,1,7.4,7.50,7.50,0
3948,M. Ndiaye,OLY,F,1,7.3,10.25,10.25,0
11558,J. Minaya,BAR,F,1,7.4,7.50,7.50,0
4246,S. Ojeleye,CZV,F,1,7.5,7.85,7.85,0
11520,Y. Pons,ASV,F,2,7.7,7.50,7.50,0
3842,S. Wilbekin,BJK,G,2,7.7,5.83,5.83,0
3846,T. Ward,OLY,F,1,7.7,7.77,7.77,0
3883,J. Voigtmann,BAY,C,1,7.9,6.30,6.30,0
3862,J. Rivero,VBC,C,1,7.5,4.33,4.33,0
3957,O. Da Silva,BAY,F,1,7,7.74,7.74,0
3911,K. Hayes,PAR,C,1,7.5,7.25,7.25,0
3963,A. Pajola,PAR,G,1,7.6,6.88,6.88,0
11539,E. Valtonen,VBC,F,1,7.2,7.20,7.20,0
7867,A. Bacot,MTA,C,2,6.9,1.00,1.00,0
3942,M. Lo,ZAL,G,1,7.1,7.02,7.02,0
4129,M. Cale,ASV,G,2,6.7,3.24,3.24,0
3917,K. Baldwin,BAY,G,1,7,5.56,5.56,0
8993,C. Joseph,OLY,G,1,6.6,6.75,6.75,0
7229,M. Faye,PBB,C,1,6.6,7.05,7.05,0
3973,J. Parra,BAR,F,1,6.7,6.85,6.85,0
3891,V. Brown,BJK,F,2,7,7.00,7.00,0
4212,Y. Makoundou,BAR,C,1,6.9,7.60,7.60,0
3992,T. Tarpey,PBB,G,1,6.9,3.28,3.28,0
4375,A. Butkevicius,ZAL,F,1,7,7.61,7.61,0
3952,M. Jaiteh,DUB,C,1,6.7,6.80,6.80,0
7217,T. Carter,CZV,G,1,6.6,2.00,2.00,1
7390,T. Jensen,BAY,G,1,6.8,6.80,6.80,0
7328,K. Akobundu-Ehiogu,ZAL,C,1,6.6,6.70,6.70,0
11498,D. Mintz,DUB,G,1,6.3,6.60,6.60,0
11525,A. Karagiannidis,OLY,C,1,6.4,6.50,6.50,0
3904,J. Anderson,DUB,F,1,6.4,6.33,6.33,0
7234,Y. Sima,VBC,C,1,6.4,0.50,0.50,0
4167,I. Wainright,HTA,F,1,6.4,4.19,4.19,0
7238,R. Kurucs,KBA,F,1,6.6,7.08,7.08,0
7424,A. Diarra,VIR,C,1,6.6,6.43,6.43,0
7225,D. Kramer,CZV,G,1,6.6,0.86,0.86,0
7219,A. M'baye,PBB,F,1,6.3,6.18,6.18,0
3915,M. Spagnolo,KBA,G,1,6.4,6.27,6.27,1
3852,E. Ulanovas,ZAL,F,1,6.4,6.64,6.64,0
3967,D. Brizuela,BAR,G,1,6.8,5.87,5.87,0
4156,J. Morgan,PBB,F,1,5.9,5.78,5.78,0
7232,B. Massa,ASV,F,2,6,4.44,4.44,0
3918,M. Grigonis,ZAL,F,1,6,0.47,0.47,0
4073,T. Odiase,HTA,C,1,6.1,3.93,3.93,0
11506,I. Sargiunas,FBT,G,1,6.2,6.30,6.30,0
4084,D. Sleva,ZAL,F,1,6.3,6.02,6.02,0
3927,D. Hommes,PBB,F,1,6,4.29,4.29,0
3851,A. Feliz,RMB,G,1,6.3,6.72,6.72,0
7378,A. Ubal,BAR,G,1,6,6.10,6.10,0
3835,U. Garuba,RMB,C,1,6,6.40,6.40,0
3869,M. Jantunen,RMB,F,1,6.1,4.94,4.94,0
4094,K. Kamenjas,DUB,C,1,5.8,5.79,5.79,0
11523,S. Hunter,MTA,C,2,5.8,5.90,5.90,0
3954,K. Diop,KBA,C,1,5.8,6.14,6.14,0
4215,M. Heidegger,HTA,G,1,5.7,5.80,5.80,0
11531,N. Boungou-colo,PBB,F,1,5.6,5.70,5.70,0
4234,T. Ennis,HTA,G,1,5.6,3.20,3.20,0
7231,B. Dessert,EFS,C,1,5.4,5.47,5.47,0
4242,D. Casarin,VIR,G,1,5.4,5.50,5.50,0
4008,M. Birsen,BJK,F,2,5.4,2.67,2.67,0
3962,M. Nakic,PAR,F,1,5.4,3.00,3.00,0
7216,D. Bertans,DUB,F,1,5.3,5.52,5.52,0
4258,J. Puerto,VBC,G,1,5.3,5.24,5.24,0
3836,K. Mitoglou,PAO,F,2,5.9,5.35,5.35,1
8830,F. Ferrari,VIR,F,1,5.1,3.42,3.42,0
3972,J. Hollatz,BAY,G,1,4.8,4.69,4.69,0
7223,C. Frisch,KBA,F,1,4.9,4.84,4.84,1
3950,O. Dobric,CZV,F,1,4.7,4.48,4.48,0
3830,D. Sirvydis,ZAL,G,1,4.9,3.52,3.52,0
3978,E. Ndiaye,RMB,F,1,5,5.00,5.00,0
11510,F. Bourdillon,HTA,G,1,4.9,5.00,5.00,0
4546,J. Ayayi,PBB,G,1,4.9,2.69,2.69,0
4698,O. Bitim,FBT,F,1,4.9,2.41,2.41,0
3971,V. Marinkovic,PAR,G,1,4.9,4.16,4.16,0
3975,S. Herrera,PBB,G,1,5.1,5.00,5.00,0
11495,N. Djurisic,CZV,G,1,4.7,4.80,4.80,0
3994,Y. Ouattara,PBB,G,1,4.8,4.24,4.24,0
3886,D. Hackett,VIR,G,1,4.6,4.50,4.50,0
3933,L. Cavaliere,PBB,F,1,4.8,4.56,4.56,0
3985,D. Lighty,ASV,F,2,5.1,3.94,3.94,0
11521,M. Fodzo Dada,ASV,G,2,5.3,4.80,4.80,0
11540,M. Saint-supery,VBC,G,1,4.9,4.70,4.70,0
4005,E. Jackson,ASV,F,2,4.5,4.29,4.29,0
3979,G. Larentzakis,OLY,G,1,4.6,4.60,4.60,0
3896,J. Nunez,BAR,G,1,4.5,-2.00,-2.00,0
3988,J. Dibartolomeo,MTA,G,2,4.5,4.48,4.48,0
3991,A. Abalde,RMB,F,1,4.3,3.76,3.76,0
9063,A. Ebo,MTA,G,2,4.4,4.50,4.50,0
3998,D. Giedraitis,ZAL,G,1,4.3,1.80,1.80,0
7241,G. Lavi,MTA,F,2,4.4,3.33,3.33,0
7239,I. Almansa,RMB,F,1,4.5,-0.67,-0.67,0
7228,K. Prepelic,DUB,G,1,4.4,3.33,3.33,0
3936,N. Rogkavopoulos,PAO,F,2,4.4,4.65,4.65,0
3977,S. Llull,RMB,G,1,4.4,1.90,1.90,0
4165,T. Ginat,HTA,F,1,4.4,3.07,3.07,0
11541,A. Cardenas,VBC,G,1,4.4,4.50,4.50,0
3984,S. Sanli,FBT,C,1,4.5,1.43,1.43,0
4012,G. Ricci,MIL,F,1,4.5,4.42,4.42,1
4061,E. Mantzoukas,PAO,F,2,4.8,4.50,4.50,0
3983,D. Davidovac,CZV,F,1,4.3,3.48,3.48,0
4007,E. Yilmaz,EFS,F,1,4.3,1.65,1.65,0
3986,N. Giffey,BAY,F,1,4.3,3.69,3.69,0
11524,N. Plotas,OLY,G,1,4.3,4.40,4.40,0
11548,T. Baldasso,VIR,G,1,4.3,4.40,4.40,0
4088,B. Ugurlu,BJK,G,2,4.5,4.40,4.40,0
4378,W. Rayman,MTA,F,2,4.2,2.76,2.76,0
3867,K. Papanikolaou,OLY,F,1,4.3,2.28,2.28,0
7230,A. Abass,DUB,F,1,4.2,2.35,2.35,0
4038,D. Moraitis,PAO,G,2,4.2,4.20,4.20,0
8623,K. Kondic,DUB,G,1,4.1,3.75,3.75,0
11542,L. Mari,VBC,G,1,4.1,4.20,4.20,0
3997,S. Tonut,MIL,G,1,4.1,1.40,1.40,0
3916,G. Procida,RMB,F,1,4,0.88,0.88,0
4013,D. Flaccadori,MIL,G,1,4,0.86,0.86,0
8644,S. Joksimovic,KBA,F,1,4,-0.45,-0.45,0
7246,S. Miljenovic,CZV,G,1,4,2.15,2.15,0
11496,A. Bjelic,CZV,G,1,4,4.00,4.00,0
12517,A. Kone,BAR,C,1,4,4.00,4.00,0
8681,A. Nedeljkovic,CZV,F,1,4,4.00,4.00,0
12467,A. Susic,BAY,G,1,4,4.00,4.00,0
4551,B. Timor,HTA,G,1,4,1.80,1.80,0
4026,B. Yildizli,EFS,F,1,4,4.00,4.00,0
9006,C. Vossenberg,BAY,G,1,4,4.00,4.00,0
12465,D. Karutasu,EFS,F,1,4,4.00,4.00,0
7245,D. Mutaf,EFS,G,1,4,1.38,1.38,0
4003,E. Shahrvin,PBB,C,1,4,2.18,2.18,0
12470,G. Bourneles,OLY,G,1,4,4.00,4.00,0
4051,G. Kalaitzakis,PAO,G,2,4,4.00,4.00,0
4174,G. Palatin,HTA,G,1,4,0.10,0.10,0
7250,I. Kouzeloglou,PAO,F,2,4,4.00,4.00,0
7254,I. Segev,HTA,C,1,4,-2.00,-2.00,0
12471,I. Varvaritis,PAO,G,2,4,4.00,4.00,0
9062,K. Fischer,BAY,F,1,4,4.00,4.00,0
9061,M. Baiocchi,VIR,G,1,4,-1.20,-1.20,0
4023,M. Bosnjakovic,PAR,G,1,4,4.00,4.00,0
4036,M. Eksioglu,FBT,G,1,4,4.00,4.00,0
4000,M. Mahmutoglu,FBT,G,1,4,0.14,0.14,0
4016,N. Akele,MIL,F,1,4,3.19,3.19,0
7248,N. Dangubic,DUB,F,1,4,0.57,0.57,0
12468,N. Jerkic,BAY,G,1,4,4.00,4.00,0
4175,O. Blayzer,HTA,F,1,4,4.00,4.00,0
4009,O. Diop,MIL,C,1,4,3.00,3.00,1
7255,O. Netzipoglou,OLY,G,1,4,-1.00,-1.00,0
8677,P. Souza,KBA,F,1,4,4.00,4.00,0
8770,R. Fenemen,EFS,G,1,4,4.00,4.00,0
8769,U. Danilovic,PAR,F,1,4,4.00,4.00,0
11533,U. Mijailovic,PAR,F,1,4,-1.20,-1.20,0
11497,V. Medarevic,CZV,C,1,4,4.00,4.00,0
12466,Y. Aksu,BJK,G,2,4,4.00,4.00,0
4019,P. Kalaitzakis,PAO,G,2,4,1.00,1.00,0
3976,A. Lakic,PAR,F,1,4,2.72,2.72,0