round,player_id,rank,name,position,team,fpt,quotation,plus,pts,reb,ast,stl,tov,blk,blka,fd,pf,fg_missed,ft_missed
1,3791,1,Carlik Jones,G,PAR,36.3,13.6,0.0,20,4,10,0,0,0,0,5,1,5,0
1,7201,2,Dwayne Bacon,F,DUB,34.1,12.7,0.0,24,5,4,0,1,0,0,5,1,4,1
1,3766,3,Sasha Vezenkov,F,OLY,33,17,0.0,22,5,1,0,1,0,0,5,0,2,0
1,3857,4,Dan Oturu,C,HTA,32,14.2,0.0,20,12,3,2,3,2,0,1,4,1,0
1,3874,5,Tyler Dorsey,G,OLY,31.9,12.6,0.0,25,2,1,1,0,0,0,3,0,3,0
1,3768,6,Mathias Lessort,C,PAO,30.8,14.4,0.0,15,9,2,2,4,3,1,9,1,5,1
1,11516,7,Jae Crowder,F,ASV,27.5,9.5,0.0,19,4,4,1,1,1,0,4,2,4,1
1,11549,8,Jonas Valanciunas,C,ZAL,26.4,15.5,0.0,13,8,2,0,1,3,0,3,1,3,0
1,11487,9,Dario Saric,F,EFS,26,14.5,0.0,17,5,2,0,1,0,0,7,0,3,1
1,7221,10,Azuolas Tubelis,F,ZAL,25.3,11.1,0.0,10,12,4,1,1,1,0,4,0,6,2
1,4247,11,Chris Jones,G,CZV,25,12.1,0.0,15,2,8,2,0,0,0,1,1,2,0
1,3794,12,Kevin Punter,G,BAR,24.2,13.6,0.0,19,1,1,2,1,0,0,5,0,5,0
1,8727,13,Braxton Key,F,FBT,24.2,8,0.0,11,10,3,1,1,0,0,3,1,1,3
1,3765,14,Mike James,G,EFS,24,16,0.0,22,4,5,0,5,1,0,6,2,6,1
1,3795,15,TJ Shorts,G,VBC,22,14.9,0.0,26,1,2,1,2,0,1,5,3,9,0
1,11504,16,Johannes Thiemann,C,BAY,22,10.6,0.0,15,7,1,0,2,0,0,5,2,3,1
1,3820,17,Alec Peters,F,MIL,21,11.7,0.0,17,2,1,0,1,0,2,8,2,2,0
1,4252,18,Jean Montero,G,OLY,20.9,12.8,0.0,15,5,5,1,3,0,0,3,0,6,1
1,3946,19,Andreas Obst,G,BAY,20.9,10.2,0.0,19,2,2,0,0,0,0,3,2,4,1
1,3812,20,Jaylen Hoard,F,MTA,20,14.8,0.0,15,6,0,3,1,0,0,4,3,4,0
1,3887,21,Sylvain Francisco,G,PAO,19.8,14.8,0.0,18,2,4,0,4,0,0,3,0,5,0
1,11514,22,Patty Mills,G,ASV,19.8,12.3,0.0,15,1,3,0,2,0,0,5,0,4,0
1,7218,23,Kameron Taylor,F,VBC,18.7,12.4,0.0,12,7,2,0,1,0,0,4,3,2,2
1,3773,24,Nikola Mirotic,F,VBC,18.7,11.6,0.0,13,3,0,1,0,0,0,5,2,3,0
1,3883,25,Johannes Voigtmann,C,BAY,18.7,7.5,0.0,10,5,3,0,0,0,0,1,1,1,0
1,11521,26,Marc-Owen Fodzo Dada,G,ASV,18.7,4.8,0.0,14,1,5,2,4,1,0,6,2,1,5
1,3967,27,Dario Brizuela,G,BAR,17.6,6.4,0.0,20,2,0,1,3,0,0,1,2,2,1
1,11512,28,AJ Lawson,G,KBA,17,8.8,0.0,20,4,2,0,1,0,0,4,3,8,1
1,8567,29,Talen Horton-Tucker,G,FBT,16.5,12.7,0.0,13,3,1,1,2,0,0,6,3,4,0
1,3870,30,Tyrique Jones,C,OLY,16.5,12,0.0,12,8,0,0,1,0,0,1,1,4,0
1,7362,31,Umoja Gibson,G,BAR,16.5,10.2,0.0,10,6,2,0,0,0,0,0,1,2,0
1,3910,32,Roman Sorkin,C,MTA,16,13.4,0.0,13,5,2,1,1,0,1,2,1,3,1
1,3850,33,Theo Maledon,G,RMB,16,9.8,0.0,11,4,6,1,0,1,1,3,3,5,1
1,3930,34,Yam Madar,G,MTA,16,8.8,0.0,13,3,8,0,4,0,1,4,1,4,2
1,3925,35,Devon Hall,G,MIL,16,8.2,0.0,13,5,3,0,1,0,1,3,0,6,0
1,3775,36,Shavon Shields,F,FBT,15.4,12.4,0.0,12,2,3,1,0,0,0,3,2,4,1
1,3914,37,Nigel Williams-Goss,G,ZAL,15.4,9.7,0.0,14,2,6,2,3,0,1,2,1,7,0
1,8846,38,Tonye Jekiri,C,PAR,15.4,8.3,0.0,7,1,3,3,2,1,0,4,1,1,1
1,7209,39,Lamar Stevens,F,PAR,15.4,8,0.0,11,5,0,2,0,0,0,1,0,5,0
1,3980,40,Aleksander Balcerowski,C,BAR,15.4,8,0.0,10,4,2,0,1,1,0,3,4,1,0
1,3836,41,Konstantinos Mitoglou,F,PAO,15.4,5.5,0.0,11,6,0,2,1,0,1,2,1,4,0
1,8808,42,Eugene Omoruyi,F,BJK,15,10.5,0.0,17,4,3,1,4,0,0,6,4,6,2
1,3875,43,Marko Guduric,G,MIL,15,9.6,0.0,17,3,5,0,2,0,1,0,1,6,0
1,3771,44,Wade Baldwin,G,FBT,14.3,14.3,0.0,12,4,6,0,4,0,0,4,2,5,2
1,11526,45,Guerschon Yabusele,F,PAO,14.3,14.3,0.0,13,5,0,1,0,0,0,1,2,5,0
1,3825,46,Juancho Hernangomez,F,PAO,14.3,11.4,0.0,5,6,1,2,0,0,0,1,1,1,0
1,3884,47,Neal Sako,C,VBC,14.3,8.8,0.0,10,2,2,0,0,0,0,3,4,0,0
1,3963,48,Alessandro Pajola,G,PAR,14.3,7.3,0.0,7,4,3,2,2,0,0,3,1,3,0
1,3898,49,Ante Zizic,C,BJK,14,12,0.0,4,7,0,1,0,0,0,3,0,0,1
1,3804,50,Tadas Sedekerskis,F,KBA,14,10.4,0.0,15,2,0,0,0,0,1,2,3,1,0
1,11508,51,Jacob Toppin,F,HTA,14,9.8,0.0,11,3,0,2,0,1,0,0,2,1,0
1,4233,52,Mfiondu Kabengele,C,DUB,13.2,14.6,0.0,9,7,3,0,2,2,1,3,0,8,1
1,3821,53,Donta Hall,C,OLY,13.2,10.9,0.0,4,7,1,1,1,1,0,2,2,1,0
1,3846,54,Tyson Ward,F,OLY,13.2,7.5,0.0,11,3,2,1,1,0,0,2,1,5,0
1,3911,55,Kevarrius Hayes,C,PAR,13.2,7.3,0.0,10,3,1,0,0,2,0,1,4,1,0
1,4061,56,Eleftherios Mantzoukas,F,PAO,13.2,4.5,0.0,10,4,1,0,1,3,0,0,2,3,0
1,3903,57,Elijah Bryant,G,HTA,13,15.5,0.0,10,2,3,0,2,0,0,7,2,5,0
1,3799,58,Zach LeDay,F,HTA,13,13.3,0.0,8,4,0,0,0,0,0,4,0,3,0
1,11492,59,Jaylen Nowell,G,BJK,13,9.7,0.0,17,4,2,0,2,0,0,2,4,6,0
1,3842,60,Scottie Wilbekin,G,BJK,13,7.5,0.0,12,1,5,1,0,0,0,4,2,7,1
1,3807,61,Elie Okobo,G,DUB,12.1,12.2,0.0,8,4,4,1,1,0,0,1,2,4,0
1,3888,62,Sterling Brown,G,ZAL,12.1,10.6,0.0,10,2,0,0,0,1,0,2,3,1,0
1,11520,63,Yves Pons,F,ASV,12.1,7.5,0.0,9,2,0,1,0,0,0,1,1,1,0
1,3985,64,David Lighty,F,ASV,12.1,4.8,0.0,10,0,1,0,0,0,0,2,0,2,0
1,9064,65,Kessler Edwards,F,VIR,12,10,0.0,2,7,1,0,0,1,0,2,1,0,0
1,4180,66,Devon Dotson,G,BJK,12,9.9,0.0,9,0,4,0,1,0,0,6,3,1,2
1,11536,67,Damian Jones,C,RMB,12,9.1,0.0,10,5,0,0,1,1,0,0,1,2,0
1,4081,68,Conor Morgan,F,BJK,12,8.5,0.0,15,2,1,0,2,1,0,0,3,2,0
1,7226,69,Allan Dokossi,C,PBB,12,8,0.0,4,5,4,2,2,1,0,0,2,0,0
1,3777,70,Will Clyburn,F,FBT,11,12.4,0.0,8,3,1,2,0,0,1,3,0,6,0
1,7202,71,Justin Robinson,G,BAR,11,12.2,0.0,10,2,2,0,3,0,0,3,0,4,0
1,3993,72,Matthew Strazel,G,EFS,11,10.3,0.0,12,2,3,1,2,0,1,3,1,6,0
1,8721,73,Jared Butler,G,CZV,11,10.1,0.0,11,2,4,0,1,1,0,2,1,7,0
1,11511,74,Chris Duarte,G,KBA,11,10,0.0,9,5,3,2,1,0,0,1,2,6,0
1,11547,75,Wendell Moore Jr.,G,VIR,11,8.7,0.0,9,7,1,0,0,0,0,1,2,5,0
1,3862,76,Jasiel Rivero,C,VBC,11,7.4,0.0,10,3,0,0,1,0,1,3,2,2,0
1,11540,77,Mario Saint-Supery,G,VBC,11,4.7,0.0,7,1,3,2,3,0,0,4,2,2,0
1,3770,78,Chima Moneke,F,CZV,10,15.5,0.0,9,3,1,0,0,1,0,4,2,5,1
1,7197,79,Oshae Brissett,F,MTA,10,10.2,0.0,8,7,0,2,0,0,0,2,1,8,0
1,7424,80,Aliou Diarra,C,VIR,10,6.5,0.0,8,1,1,0,0,1,0,2,1,2,0
1,7225,81,David Kramer,G,CZV,10,6.5,0.0,11,4,1,1,0,0,0,1,4,4,0
1,3869,82,Mikael Jantunen,F,RMB,10,6,0.0,10,1,0,0,0,1,0,1,2,1,0
1,4096,83,McKinley Wright,G,DUB,9.9,13.5,0.0,12,5,3,0,3,0,1,2,3,4,2
1,3853,84,Jerian Grant,G,PAO,9.9,8.8,0.0,7,1,3,1,0,1,0,2,1,5,0
1,4097,85,Nikola Tanaskovic,C,PAR,9.9,7.8,0.0,7,6,0,1,0,0,1,1,1,3,1
1,3824,86,Luca Vildoza,G,PAR,9.9,7.7,0.0,7,1,3,4,2,0,0,2,2,3,1
1,4195,87,Justinian Jessup,G,BAY,9.9,7.7,0.0,11,0,0,1,0,0,1,1,0,3,0
1,3843,88,Moses Wright,C,MIL,9,14,0.0,6,7,3,0,4,0,0,3,2,3,1
1,4882,89,Daniel Theis,C,MTA,9,12.2,0.0,9,3,0,1,4,0,0,4,2,1,1
1,11528,90,Tyson Etienne,G,PBB,9,11.1,0.0,17,1,2,0,0,0,3,2,0,8,2
1,7220,91,Ebuka Izundu,C,CZV,9,9.4,0.0,7,4,0,2,0,1,0,3,3,4,1
1,3981,92,Mouhamet Diouf,C,VIR,9,9.3,0.0,7,3,0,1,1,0,0,4,3,1,1
1,11513,93,Damion Baugh,G,KBA,9,8.4,0.0,7,2,2,1,0,0,0,1,1,3,0
1,3838,94,Collin Malcolm,F,EFS,9,8.1,0.0,5,2,2,1,0,0,0,1,0,1,1
1,4246,95,Semi Ojeleye,F,CZV,9,7.5,0.0,9,7,1,0,1,0,1,4,4,4,2
1,7238,96,Rodions Kurucs,F,KBA,9,6.5,0.0,5,4,5,4,2,0,0,1,3,5,0
1,3926,97,Filip Petrusev,F,DUB,8.8,12.7,0.0,3,6,2,0,0,0,1,2,1,3,0
1,3892,98,Rokas Jokubaitis,G,BAY,8.8,8.6,0.0,6,1,6,1,1,0,1,2,1,5,0
1,3801,99,Nicolo Melli,F,FBT,8.8,8.2,0.0,4,5,1,2,2,3,1,2,3,3,0
1,3793,100,Jordan Nwora,F,CZV,8,13,0.0,10,5,1,0,1,0,2,4,1,6,2
1,3816,101,Markus Howard,G,KBA,8,8.3,0.0,9,1,1,0,0,0,1,1,0,3,0
1,3851,102,Andres Feliz,G,RMB,8,6.2,0.0,9,5,4,0,2,1,1,0,1,7,0
1,3815,103,Trent Forrest,G,FBT,7.7,10.6,0.0,4,5,3,1,1,0,0,1,1,5,0
1,3833,104,Armoni Brooks,G,VBC,7.7,10.3,0.0,10,5,3,0,2,0,1,0,1,7,0
1,8368,105,Mamadi Diakite,C,DUB,7.7,10.1,0.0,6,2,1,1,0,1,0,1,3,2,0
1,4360,106,Evan Fournier,G,OLY,7.7,9.4,0.0,7,1,3,1,1,0,0,0,1,3,0
1,11519,107,Hugo Besson,G,ASV,7.7,8.8,0.0,8,3,4,0,2,1,0,2,3,6,0
1,4251,108,Brancou Badio,G,PAO,7.7,8.3,0.0,4,3,2,0,2,1,0,2,1,2,0
1,3852,109,Edgaras Ulanovas,F,ZAL,7.7,6.4,0.0,6,1,0,0,1,0,0,6,1,2,2
1,3834,110,Nadir Hifi,G,PBB,7,14.8,0.0,11,2,2,0,3,0,2,7,0,9,1
1,3772,111,Facundo Campazzo,G,RMB,7,13.7,0.0,6,2,2,1,1,0,0,4,1,6,0
1,4675,112,Antonio Blakeney,G,HTA,7,9.6,0.0,11,2,2,0,1,0,0,2,1,8,0
1,4884,113,Jimmy Clark III,G,MTA,7,9.5,0.0,9,4,6,0,3,0,0,0,5,4,0
1,11534,114,Olivier Sarr,C,RMB,7,9.1,0.0,4,2,0,0,0,0,0,2,0,0,1
1,8463,115,Kai Jones,C,EFS,7,8.8,0.0,2,5,1,0,0,0,0,0,1,0,0
1,3776,116,Wenyen Gabriel,C,BJK,7,8.4,0.0,6,2,0,0,0,1,0,1,3,0,0
1,3915,117,Matteo Spagnolo,G,KBA,7,6.4,0.0,5,3,3,0,2,0,0,2,2,2,0
1,3975,118,Sebastian Herrera,G,PBB,7,5,0.0,9,1,1,1,0,0,1,1,0,5,0
1,4340,119,Kyle Allman,G,PAR,6.6,10.1,0.0,8,2,1,0,1,0,0,1,2,2,1
1,11500,120,Stanley Umude,G,BAR,6.6,9.1,0.0,7,3,1,1,0,1,0,2,3,4,2
1,11502,121,Olivier Nkamhoua,F,BAR,6.6,7.8,0.0,2,4,0,0,0,0,0,2,2,0,0
1,4375,122,Arnas Butkevicius,F,ZAL,6.6,7,0.0,0,6,1,2,0,0,0,1,4,0,0
1,7390,123,Tobias Jensen,G,BAY,6.6,6.8,0.0,5,1,1,2,2,0,0,2,1,2,0
1,4084,124,Dustin Sleva,F,ZAL,6.6,6.3,0.0,7,3,0,1,0,0,0,2,3,1,3
1,7193,125,Vasilije Micic,G,HTA,6,12,0.0,14,2,3,0,3,0,1,5,4,10,0
1,11491,126,David DeJulius,G,BJK,6,9.9,0.0,4,1,4,1,1,0,0,0,1,2,0
1,3860,127,Devin Booker,C,MIL,6,9.7,0.0,9,3,0,0,1,0,0,0,2,3,0
1,7422,128,Ercan Osmani,F,EFS,6,9.6,0.0,6,3,2,0,1,0,0,0,1,3,0
1,4257,129,Jaime Pradilla,F,RMB,6,8.7,0.0,5,2,0,1,0,0,0,1,1,2,0
1,4012,130,Giampaolo Ricci,F,MIL,6,4.5,0.0,3,2,0,0,0,0,0,1,0,0,0
1,4088,131,Berk Ugurlu,G,BJK,6,4.4,0.0,3,0,2,0,0,0,0,1,0,0,0
1,11503,132,Marjon Beauchamp,F,BAY,5.5,11.3,0.0,8,3,2,3,2,0,1,1,3,6,0
1,3822,133,Joel Bolomboy,C,ASV,5.5,10.4,0.0,2,6,0,3,2,0,0,0,3,1,0
1,3880,134,Derek Willis,F,PAR,5.5,8.1,0.0,3,1,0,0,0,1,0,0,0,0,0
1,3867,135,Kostas Papanikolaou,F,OLY,5.5,4.3,0.0,0,3,1,1,1,1,0,0,0,0,0
1,3769,136,Walter Tavares,C,RMB,5,14.7,0.0,8,4,0,1,2,1,2,2,4,3,0
1,3864,137,Timothe Luwawu-Cabarrot,F,RMB,5,12.8,0.0,11,0,0,1,0,0,1,1,2,5,0
1,11527,138,TJ Warren,F,PBB,5,11.5,0.0,9,2,0,0,2,0,0,0,2,2,0
1,8714,139,Kobi Simmons,G,KBA,5,9.6,0.0,6,2,6,0,1,0,1,1,1,7,0
1,8762,140,Jared Rhoden,G,PBB,5,9,0.0,11,1,1,0,4,1,0,2,3,4,0
1,3992,141,Terry Tarpey,G,PBB,5,7,0.0,0,5,6,1,1,0,0,0,2,4,0
1,3933,142,Leopold Cavaliere,F,PBB,5,4.8,0.0,3,1,2,2,1,0,0,0,2,0,0
1,3899,143,Carsen Edwards,G,ZAL,4.4,11.4,0.0,13,0,0,2,1,0,1,1,3,7,0
1,7269,144,Austin Wiley,C,BAY,4.4,11,0.0,6,5,0,1,2,0,1,1,4,2,0
1,11558,145,Justin Minaya,F,BAR,4.4,7.5,0.0,3,1,1,0,0,0,0,1,2,0,0
1,3942,146,Maodo Lo,G,ZAL,4.4,7.2,0.0,3,4,3,0,3,0,1,1,1,2,0
1,11506,147,Ignas Sargiunas,G,FBT,4.4,6.3,0.0,6,1,0,0,1,0,0,1,1,2,0
1,3984,148,Sertac Sanli,C,FBT,4.4,4.5,0.0,5,3,0,0,0,0,0,1,3,2,0
1,11545,149,Marcus Carr,G,VIR,4,9.9,0.0,12,0,4,0,2,0,1,3,3,8,1
1,7212,150,Derrick Alston Jr.,F,VIR,4,8.4,0.0,10,2,1,0,1,0,0,1,3,6,0
1,4167,151,Ish Wainright,F,HTA,4,6.5,0.0,2,4,1,2,2,1,0,1,1,4,0
1,3782,152,Nikola Milutinov,C,OLY,3.3,15.3,0.0,2,2,0,0,0,0,0,1,2,0,0
1,3774,153,Tornike Shengelia,F,DUB,3.3,13.8,0.0,5,8,0,0,2,0,0,2,2,8,0
1,7237,154,Nathan Reuvers,F,VBC,3.3,10.3,0.0,5,3,0,1,2,0,0,1,2,3,0
1,3907,155,Jaron Blossomgame,F,DUB,3.3,9.4,0.0,0,1,0,0,0,1,0,1,0,0,0
1,7210,156,Omari Moore,G,VBC,3.3,8.5,0.0,2,5,2,0,0,0,0,0,1,5,0
1,3976,157,Arijan Lakic,F,PAR,3.3,4,0.0,7,1,0,0,1,0,0,2,3,2,1
1,4808,158,Bruno Fernando,C,EFS,3,10.3,0.0,6,3,0,1,1,0,1,0,4,1,0
1,11546,159,Bobi Klintman,C,VIR,3,9.9,0.0,4,4,2,0,1,0,0,0,5,1,0
1,11529,160,Alize Johnson,F,PBB,3,9.8,0.0,6,4,0,0,0,0,1,4,4,3,3
1,4210,161,Anthony Brown,F,BJK,3,9.7,0.0,7,3,1,1,2,0,0,1,3,5,0
1,8730,162,Kenneth Faried,C,KBA,3,9.5,0.0,5,3,0,0,0,0,0,3,4,3,1
1,3831,163,Darius Thompson,G,MIL,3,8.7,0.0,7,0,2,1,2,0,0,1,3,3,0
1,11488,164,Santi Yusta,F,EFS,3,8.7,0.0,4,2,0,0,0,0,0,0,2,1,0
1,7217,165,Tyson Carter,G,CZV,3,6.8,0.0,3,3,0,1,1,0,1,2,1,3,0
1,8830,166,Francesco Ferrari,F,VIR,3,5.2,0.0,2,1,0,0,0,0,0,0,0,0,0
1,3808,167,Codi Miller-McIntyre,G,OLY,2.2,11,0.0,2,2,6,0,4,0,0,2,3,3,0
1,7203,168,Miles Norris,F,BAY,2.2,8.9,0.0,4,4,0,1,3,1,0,0,3,2,0
1,7338,169,Both Gach,F,ASV,2.2,8.7,0.0,5,0,1,0,1,0,0,1,2,2,0
1,7215,170,Dylan Osetkowski,F,VBC,2.2,8,0.0,1,5,0,1,0,0,0,0,3,2,0
1,3948,171,Mbaye Ndiaye,F,OLY,2.2,7.5,0.0,4,0,0,0,1,1,0,2,3,0,1
1,4019,172,Panagiotis Kalaitzakis,G,PAO,2.2,4,0.0,3,3,2,2,0,0,0,1,5,4,0
1,7258,173,Daron Russell,G,EFS,2,10.7,0.0,3,1,1,1,0,0,0,1,1,4,0
1,11544,174,Trent Frazier,G,VIR,2,10.5,0.0,8,2,3,0,3,0,1,4,1,10,0
1,11509,175,Eugene German,G,HTA,2,8,0.0,8,0,0,0,1,0,0,0,1,4,0
1,3934,176,Isaac Bonga,F,PAO,1.1,11.5,0.0,5,2,1,0,3,0,0,1,3,2,0
1,3859,177,Vladimir Lucic,F,BAY,1.1,9,0.0,0,1,1,0,0,0,0,1,1,1,0
1,3957,178,Oscar Da Silva,F,BAY,1.1,7.3,0.0,0,0,1,0,0,0,0,1,0,1,0
1,7216,179,Davis Bertans,F,DUB,1.1,5.5,0.0,3,0,0,1,0,0,0,0,2,1,0
1,4258,180,Josep Puerto,G,VBC,1.1,5.5,0.0,0,1,1,0,1,0,0,0,0,0,0
1,11541,181,Alvaro Cardenas,G,VBC,1.1,4.5,0.0,0,0,3,0,1,0,0,1,1,1,0
1,3810,182,Bonzie Colson,F,MTA,1,11.3,0.0,0,1,0,0,0,0,0,1,0,1,0
1,3881,183,Leandro Bolmaro,G,MIL,1,8.7,0.0,1,2,2,0,1,1,0,2,2,3,1
1,7867,184,Armando Bacot,C,MTA,1,7.2,0.0,0,0,1,0,0,0,0,0,0,0,0
1,4073,185,Tai Odiase,C,HTA,1,6.3,0.0,0,1,0,1,1,0,0,2,2,0,0
1,3927,186,Daulton Hommes,F,PBB,1,6.2,0.0,2,4,0,0,2,0,1,1,0,3,0
1,3886,187,Daniel Hackett,G,VIR,1,4.8,0.0,0,4,1,0,1,0,0,0,2,1,0
1,4378,188,William Rayman,F,MTA,1,4.3,0.0,0,1,0,1,0,0,0,2,2,1,0
1,3916,189,Gabriele Procida,F,RMB,1,4.1,0.0,0,1,0,0,0,0,0,0,0,0,0
1,3805,190,Kendrick Nunn,G,PAO,0,14.6,0.0,0,0,0,0,0,0,0,0,0,0,0
1,3767,191,Shane Larkin,G,FBT,0,13.5,0.0,0,0,0,0,0,0,0,0,0,0,0
1,3787,192,Nigel Hayes-Davis,F,PAO,0,13.4,0.0,0,0,0,0,0,0,0,0,0,0,0
1,3790,193,Dzanan Musa,G,DUB,0,13.3,0.0,0,0,0,0,0,0,0,0,0,0,0
1,3785,194,Josh Nebo,C,BAR,0,12.5,0.0,0,0,0,0,0,0,0,0,0,0,0
1,11507,195,Amir Coffey,F,HTA,0,12.5,0.0,0,0,0,0,0,0,0,0,0,0,0
1,4712,196,Marcus Bingham,C,FBT,0,11.3,0.0,0,0,0,0,0,0,0,0,0,0,0
1,3779,197,Kostas Sloukas,G,PAO,0,10.7,0.0,0,0,0,0,0,0,0,0,0,0,0
1,11494,198,Patrick Baldwin Jr.,C,CZV,0,10.6,0.0,0,0,0,0,0,0,0,0,0,0,0
1,7204,199,TJ Leaf,F,MTA,0,10.5,0.0,0,0,0,0,0,0,0,0,0,0,0
1,3806,200,Duane Washington,G,BAY,0,10.1,0.0,0,0,0,0,0,0,0,0,0,0,0
1,11505,201,Johnny Juzang,F,FBT,0,10,0.0,0,0,0,0,0,0,0,0,0,0,0
1,3841,202,Tomas Satoransky,G,HTA,0,9.6,0.0,0,2,1,0,1,0,0,0,1,1,0
1,4280,203,Marek Blazevic,C,ZAL,0,9.5,0.0,5,2,0,0,3,0,0,2,3,2,1
1,11518,204,Mathis Dossou-Yovo,F,ASV,0,9.4,0.0,0,0,0,0,0,0,0,0,0,0,0
1,11499,205,Tosan Evbuomwan,F,BAR,0,9.4,0.0,0,0,0,0,0,0,0,0,0,0,0
1,11517,206,TyTy Washington,G,ASV,0,9.3,0.0,0,0,0,0,0,0,0,0,0,0,0
1,11530,207,Maozinha Pereira,F,PBB,0,9.3,0.0,0,0,0,0,0,0,0,0,0,0,0
1,11489,208,Jason Burnell,F,MIL,0,9.2,0.0,3,1,1,1,0,0,0,0,4,2,0
1,3845,209,Joffrey Lauvergne,C,PAR,0,9.1,0.0,0,0,0,0,0,0,0,0,0,0,0
1,3856,210,Isaia Cordinier,G,EFS,0,9.1,0.0,0,0,0,0,0,0,0,0,0,0,0
1,11537,211,Gonzalo Corbalan,G,VBC,0,9,0.0,0,0,0,0,0,0,0,0,0,0,0
1,7194,212,Chuma Okeke,F,RMB,0,9,0.0,0,0,0,0,0,0,0,0,0,0,0
1,11490,213,Garrison Mathews,G,MIL,0,9,0.0,0,0,0,0,0,0,0,0,0,0,0
1,4124,214,Kevin Kokila,C,VIR,0,8.9,0.0,0,0,0,0,0,0,0,0,0,0,0
1,11538,215,Mo Gueye,F,VBC,0,8.7,0.0,0,0,0,0,0,0,0,0,0,0,0
1,4670,216,Saben Lee,G,ZAL,0,8.6,0.0,0,0,0,0,0,0,0,0,0,0,0
1,12145,217,Nick Smith Jr,G,RMB,0,8.5,0.0,0,0,0,0,0,0,0,0,0,0,0
1,3780,218,Furkan Korkmaz,F,BJK,0,8.3,0.0,0,0,0,0,0,0,0,0,0,0,0
1,3797,219,Moustapha Fall,C,PAO,0,8.2,0.0,0,0,0,0,0,0,0,0,0,0,0
1,11535,220,Max Shulga,G,RMB,0,8,0.0,0,0,0,0,0,0,0,0,0,0,0
1,7243,221,Nathan Sestina,F,ASV,0,7.9,0.0,0,2,0,0,0,0,0,1,2,1,0
1,8834,222,Chris Silva,C,FBT,0,7.9,0.0,3,2,0,0,2,0,0,1,3,0,1
1,3826,223,Frank Ntilikina,G,PBB,0,7.8,0.0,0,0,0,0,0,0,0,0,0,0,0
1,3818,224,Bruno Caboclo,C,HTA,0,7.7,0.0,0,0,0,0,0,0,0,0,0,0,0
1,3960,225,Tamir Blatt,G,HTA,0,7.7,0.0,0,0,0,0,0,0,0,0,0,0,0
1,4758,226,PJ Dozier,G,EFS,0,7.7,0.0,3,3,0,0,0,0,0,0,2,4,0
1,3828,227,Georgios Papagiannis,C,EFS,0,7.5,0.0,0,0,0,0,0,0,0,0,0,0,0
1,4159,228,Khadeen Carrington,G,HTA,0,7.5,0.0,0,0,0,0,0,0,0,0,0,0,0
1,3917,229,Kamar Baldwin,G,BAY,0,7.1,0.0,0,0,0,0,0,0,0,0,0,0,0
1,3973,230,Joel Parra,F,BAR,0,7,0.0,5,2,3,0,0,1,1,1,3,8,0
1,4212,231,Yoan Makoundou,C,BAR,0,7,0.0,0,0,0,0,0,0,0,0,0,0,0
1,3952,232,Mam Jaiteh,C,DUB,0,6.8,0.0,0,0,0,0,0,0,0,0,0,0,0
1,7328,233,Kaodirichi Akobundu-Ehiogu,C,ZAL,0,6.7,0.0,0,0,0,0,0,0,0,0,0,0,0
1,3904,234,Justin Anderson,F,DUB,0,6.5,0.0,0,0,0,0,0,0,0,0,0,0,0
1,11525,235,Antonis Karagiannidis,C,OLY,0,6.5,0.0,0,0,0,0,0,0,0,0,0,0,0
1,7234,236,Yankuba Sima,C,VBC,0,6.5,0.0,0,0,0,0,0,0,0,0,0,0,0
1,7219,237,Amath M'Baye,F,PBB,0,6.4,0.0,0,0,0,0,0,0,0,0,0,0,0
1,3918,238,Marius Grigonis,F,ZAL,0,6.3,0.0,2,0,2,0,1,1,0,1,1,4,0
1,3835,239,Usman Garuba,C,RMB,0,6.1,0.0,0,0,0,0,0,0,0,0,0,0,0
1,7378,240,Agustin Ubal,G,BAR,0,6.1,0.0,0,0,0,0,0,0,0,0,0,0,0
1,4094,241,Kenan Kamenjas,C,DUB,0,5.9,0.0,0,0,0,0,0,0,0,0,0,0,0
1,11523,242,Shane Hunter,C,MTA,0,5.9,0.0,0,0,0,0,0,0,0,0,0,0,0
1,4215,243,Max Heidegger,G,HTA,0,5.8,0.0,0,0,0,0,0,0,0,0,0,0,0
1,11531,244,Nobel Boungou-Colo,F,PBB,0,5.7,0.0,0,0,0,0,0,0,0,0,0,0,0
1,4234,245,Tyler Ennis,G,HTA,0,5.7,0.0,0,0,0,0,0,0,0,0,0,0,0
1,3962,246,Mario Nakic,F,PAR,0,5.5,0.0,0,0,0,0,0,0,0,0,0,0,0
1,4008,247,Metecan Birsen,F,BJK,0,5.5,0.0,0,0,0,0,0,0,0,0,0,0,0
1,4242,248,Davide Casarin,G,VIR,0,5.5,0.0,0,0,0,0,0,0,0,0,0,0,0
1,7231,249,Brice Dessert,C,EFS,0,5.5,0.0,0,0,0,0,0,0,0,0,0,0,0
1,7223,250,Clement Frisch,F,KBA,0,5.1,0.0,0,0,0,0,0,0,0,0,0,0,0
1,3830,251,Deividas Sirvydis,G,ZAL,0,5,0.0,0,0,0,0,0,0,0,0,0,0,0
1,3971,252,Vanja Marinkovic,G,PAR,0,5,0.0,0,0,0,0,0,0,0,0,0,0,0
1,4546,253,Joel Ayayi,G,PBB,0,5,0.0,0,0,0,0,0,0,0,0,0,0,0
1,4698,254,Onuralp Bitim,F,FBT,0,5,0.0,0,0,0,0,0,0,0,0,0,0,0
1,11510,255,Frederic Bourdillon,G,HTA,0,5,0.0,0,0,0,0,0,0,0,0,0,0,0
1,11495,256,Nikola Djurisic,G,CZV,0,4.8,0.0,0,0,0,0,0,0,0,0,0,0,0
1,3896,257,Juan Nunez,G,BAR,0,4.6,0.0,0,0,0,0,0,0,0,0,0,0,0
1,4005,258,Edwin Jackson,F,ASV,0,4.6,0.0,0,0,0,0,0,0,0,0,0,0,0
1,3936,259,Nikos Rogkavopoulos,F,PAO,0,4.5,0.0,0,0,0,0,0,0,0,0,0,0,0
1,3977,260,Sergio Llull,G,RMB,0,4.5,0.0,0,0,0,0,0,0,0,0,0,0,0
1,3998,261,Dovydas Giedraitis,G,ZAL,0,4.5,0.0,0,0,0,0,1,0,0,1,0,0,0
1,4165,262,Tomer Ginat,F,HTA,0,4.5,0.0,0,0,0,0,0,0,0,0,0,0,0
1,7228,263,Klemen Prepelic,G,DUB,0,4.5,0.0,0,0,0,0,0,0,0,0,0,0,0
1,7241,264,Gur Lavy,F,MTA,0,4.5,0.0,0,0,0,0,0,0,0,0,0,0,0
1,9063,265,Amit Ebo,G,MTA,0,4.5,0.0,0,0,0,0,0,0,0,0,0,0,0
1,11524,266,Nikolaos Plotas,G,OLY,0,4.4,0.0,0,0,0,0,0,0,0,0,0,0,0
1,3983,267,Dejan Davidovac,F,CZV,0,4.4,0.0,0,0,0,0,0,0,0,0,0,0,0
1,3986,268,Niels Giffey,F,BAY,0,4.4,0.0,0,0,0,0,0,0,0,0,0,0,0
1,4007,269,Erkan Yilmaz,F,EFS,0,4.4,0.0,0,0,0,0,0,0,0,0,0,0,0
1,11548,270,Tommaso Baldasso,G,VIR,0,4.4,0.0,0,0,0,0,0,0,0,0,0,0,0
1,3997,271,Stefano Tonut,G,MIL,0,4.2,0.0,0,0,0,0,0,0,0,0,0,0,0
1,11542,272,Lucas Mari,G,VBC,0,4.2,0.0,0,0,0,0,0,0,0,0,0,0,0
1,8623,273,Kosta Kondic,G,DUB,0,4.2,0.0,0,0,0,0,0,0,0,0,0,0,0
1,11533,274,Uros Mijailovic,F,PAR,0,4,0.0,0,0,0,0,0,0,0,0,0,0,0
1,12466,275,Yagiz Aksu,G,BJK,0,4,0.0,0,0,0,0,0,0,0,0,0,0,0
1,12467,276,Andrija Susic,G,BAY,0,4,0.0,0,0,0,0,0,0,0,0,0,0,0
1,12465,277,Darius Karutasu,F,EFS,0,4,0.0,0,0,0,0,0,0,0,0,0,0,0
1,4000,278,Melih Mahmutoglu,G,FBT,0,4,0.0,0,0,0,0,0,0,0,0,0,0,0
1,4009,279,Ousmane Diop,C,MIL,0,4,0.0,0,0,0,0,0,0,0,0,0,0,0
1,4016,280,Nicola Akele,F,MIL,0,4,0.0,0,0,0,0,0,0,0,0,0,0,0
1,4026,281,Burakcan Yildizli,F,EFS,0,4,0.0,0,0,0,0,0,0,0,0,0,0,0
1,4174,282,Guy Palatin,G,HTA,0,4,0.0,0,0,0,0,0,0,0,0,0,0,0
1,4175,283,Oz Blayzer,F,HTA,0,4,0.0,0,0,0,0,0,0,0,0,0,0,0
1,4551,284,Bar Timor,G,HTA,0,4,0.0,0,0,0,0,0,0,0,0,0,0,0
1,12468,285,Niko Jerkic,G,BAY,0,4,0.0,0,0,0,0,0,0,0,0,0,0,0
1,7245,286,David Mutaf,G,EFS,0,4,0.0,0,0,0,0,0,0,0,0,0,0,0
1,7248,287,Nemanja Dangubic,F,DUB,0,4,0.0,0,0,0,0,0,0,0,0,0,0,0
1,7250,288,Ioannis Kouzeloglou,F,PAO,0,4,0.0,0,0,0,0,0,0,0,0,0,0,0
1,7254,289,Itay Segev,C,HTA,0,4,0.0,0,0,0,0,0,0,0,0,0,0,0
1,7255,290,Omiros Netzipoglou,G,OLY,0,4,0.0,0,0,0,0,0,0,0,0,0,0,0
1,12517,291,Abdu Kone,C,BAR,0,4,0.0,0,0,0,0,0,0,0,0,0,0,0
1,8677,292,Pedro Souza,F,KBA,0,4,0.0,0,0,0,0,0,0,0,0,0,0,0
1,8681,293,Aleksej Nedeljkovic,F,CZV,0,4,0.0,0,0,0,0,0,0,0,0,0,0,0
1,8769,294,Uros Danilovic,F,PAR,0,4,0.0,0,0,0,0,0,0,0,0,0,0,0
1,8770,295,Ruzgar Fenemen,G,EFS,0,4,0.0,0,0,0,0,0,0,0,0,0,0,0
1,9006,296,Caspar Vossenberg,G,BAY,0,4,0.0,0,0,0,0,0,0,0,0,0,0,0
1,9061,297,Matteo Baiocchi,G,VIR,0,4,0.0,0,0,0,0,0,0,0,0,0,0,0
1,9062,298,Kilian Fischer,F,BAY,0,4,0.0,0,0,0,0,0,0,0,0,0,0,0
1,11496,299,Andrej Bjelic,G,CZV,0,4,0.0,0,0,0,0,0,0,0,0,0,0,0
1,11497,300,Vojin Medarevic,C,CZV,0,4,0.0,0,0,0,0,0,0,0,0,0,0,0
1,12470,301,Georgios Bourneles,G,OLY,0,4,0.0,0,0,0,0,0,0,0,0,0,0,0
1,12471,302,Iason Varvaritis,G,PAO,0,4,0.0,0,0,0,0,0,0,0,0,0,0,0
1,12517,303,Abdu Kone,C,BAR,0,4,0.0,0,0,0,0,0,0,0,0,0,0,0
1,11532,304,Ethan Thompson,G,PAR,-0.9,10.1,0.0,5,1,0,0,1,0,0,0,3,3,0
1,11498,305,Davion Mintz,G,DUB,-0.9,6.6,0.0,3,1,0,0,1,1,1,0,0,4,0
1,7232,306,Bodian Massa,F,ASV,-0.9,6.3,0.0,0,1,0,0,1,0,0,1,2,0,0
1,3972,307,Justus Hollatz,G,BAY,-0.9,5.1,0.0,2,0,3,1,0,0,0,0,4,3,0
1,3950,308,Ognjen Dobric,F,CZV,-1,5,0.0,0,1,0,0,0,0,0,0,1,1,0
1,3991,309,Alberto Abalde,F,RMB,-1,4.5,0.0,3,0,1,0,0,0,0,0,1,4,0
1,4013,310,Diego Flaccadori,G,MIL,-1,4,0.0,0,0,0,0,1,0,0,0,0,0,0
1,7246,311,Stefan Miljenovic,G,CZV,-1,4,0.0,0,0,0,0,0,0,0,0,1,0,0
1,8644,312,Stefan Joksimovic,F,KBA,-1,4,0.0,0,0,3,1,3,0,0,0,0,2,0
1,11501,313,Tyrese Martin,F,BAR,-1.8,8.8,0.0,3,3,2,0,3,0,0,0,2,5,0
1,3861,314,Thomas Walkup,G,DUB,-1.8,8.2,0.0,5,0,0,0,2,0,1,0,1,3,0
1,4129,315,Myles Cale,G,ASV,-1.8,7.1,0.0,0,1,1,0,1,0,0,0,0,3,0
1,8993,316,Cory Joseph,G,OLY,-1.8,7,0.0,2,0,0,0,0,0,0,0,3,1,0
1,3803,317,Gabriel Deck,F,RMB,-2,9,0.0,0,1,0,0,1,0,0,1,1,2,0
1,4108,318,DJ Stewart,G,KBA,-2,8.8,0.0,8,1,0,1,0,0,0,0,2,10,0
1,7229,319,Mouhamed Faye,C,PBB,-2,7,0.0,0,2,1,0,0,0,0,0,5,0,0
1,11515,320,Tremont Waters,G,ASV,-2.7,9.9,0.0,2,1,1,1,1,0,0,2,3,6,0
1,11522,321,Keaton Wallace,G,MTA,-3,10.8,0.0,2,2,0,2,2,0,0,0,4,3,0
1,3905,322,Iffe Lundberg,G,MTA,-3,8.3,0.0,5,2,2,0,2,0,1,1,5,5,0
1,12460,323,DaQuan Jeffries,F,BJK,-3,8.2,0.0,0,0,1,0,1,1,0,0,3,1,0
1,4156,324,Jeremy Morgan,F,PBB,-3,6.3,0.0,0,1,0,1,0,0,0,0,2,3,0
1,3988,325,John DiBartolomeo,G,MTA,-3,4.5,0.0,0,0,0,0,1,0,0,0,1,1,0
1,11543,326,Rasheed Bello,G,VIR,-4,11,0.0,6,1,0,1,3,0,1,2,4,6,0
1,3940,327,Nick Weiler-Babb,G,CZV,-4,10,0.0,0,3,3,1,4,0,2,1,2,4,0
1,3792,328,Jordan Loyd,G,EFS,-5,10.2,0.0,2,0,0,1,1,0,1,2,4,4,0
1,7268,329,RJ Cole,G,MIL,-6,8.5,0.0,0,0,0,0,2,0,0,0,3,1,0
1,4164,330,Johnathan Motley,C,CZV,-13,11,0.0,2,0,2,0,6,0,0,0,5,6,0
1,11493,331,Mady Sissoko,C,BJK,0,8.6,0.0,0,0,0,0,0,0,0,0,0,0,0
1,8728,332,Alex Len,C,KBA,0,7.6,0.0,0,0,0,0,0,0,0,0,0,0,0
1,11539,333,Elias Valtonen,F,VBC,0,7.2,0.0,0,0,0,0,0,0,0,0,0,0,0
1,3891,334,Vitto Brown,F,BJK,0,7,0.0,0,0,0,0,0,0,0,0,0,0,0
1,3954,335,Khalifa Diop,C,KBA,0,5.8,0.0,0,0,0,0,0,0,0,0,0,0,0
1,3978,336,Eli Ndiaye,F,RMB,0,5,0.0,0,0,0,0,0,0,0,0,0,0,0
1,3994,337,Yakuba Ouattara,G,PBB,0,4.8,0.0,0,0,0,0,0,0,0,0,0,0,0
1,3979,338,Giannoulis Larentzakis,G,OLY,0,4.6,0.0,0,0,0,0,0,0,0,0,0,0,0
1,7239,339,Izan Almansa,F,RMB,0,4.5,0.0,0,0,0,0,0,0,0,0,0,0,0
1,4038,340,Dimitris Moraitis,G,PAO,0,4.2,0.0,0,0,0,0,0,0,0,0,0,0,0
1,7230,341,Awudu Abass,F,DUB,0,4.2,0.0,0,0,0,0,0,0,0,0,0,0,0
1,4003,342,Enzo Shahrvin,C,PBB,0,4,0.0,0,0,0,0,0,0,0,0,0,0,0
1,4023,343,Mitar Bosnjakovic,G,PAR,0,4,0.0,0,0,0,0,0,0,0,0,0,0,0
1,4036,344,Mert Eksioglu,G,FBT,0,4,0.0,0,0,0,0,0,0,0,0,0,0,0
1,4051,345,Georgios Kalaitzakis,G,PAO,0,4,0.0,0,0,0,0,0,0,0,0,0,0,0
2,3766,1,Sasha Vezenkov,F,OLY,0,17.6,0.0,0,0,0,0,0,0,0,0,0,0,0
2,3765,2,Mike James,G,EFS,0,16.3,0.0,0,0,0,0,0,0,0,0,0,0,0
2,11549,3,Jonas Valanciunas,C,ZAL,0,15.9,0.0,0,0,0,0,0,0,0,0,0,0,0
2,3903,4,Elijah Bryant,G,HTA,0,15.3,0.0,0,0,0,0,0,0,0,0,0,0,0
2,3770,5,Chima Moneke,F,CZV,0,15.2,0.0,0,0,0,0,0,0,0,0,0,0,0
2,3795,6,TJ Shorts,G,VBC,0,15.1,0.0,0,0,0,0,0,0,0,0,0,0,0
2,3768,7,Mathias Lessort,C,PAO,0,15,0.0,0,0,0,0,0,0,0,0,0,0,0
2,3812,8,Jaylen Hoard,F,MTA,0,15,0.0,0,0,0,0,0,0,0,0,0,0,0
2,11487,9,Dario Saric,F,EFS,0,14.9,0.0,0,0,0,0,0,0,0,0,0,0,0
2,3857,10,Dan Oturu,C,HTA,0,14.9,0.0,0,0,0,0,0,0,0,0,0,0,0
2,3887,11,Sylvain Francisco,G,PAO,0,14.9,0.0,0,0,0,0,0,0,0,0,0,0,0
2,3782,12,Nikola Milutinov,C,OLY,0,14.8,0.0,0,0,0,0,0,0,0,0,0,0,0
2,3791,13,Carlik Jones,G,PAR,0,14.5,0.0,0,0,0,0,0,0,0,0,0,0,0
2,3805,14,Kendrick Nunn,G,PAO,0,14.5,0.0,0,0,0,0,0,0,0,0,0,0,0
2,4233,15,Mfiondu Kabengele,C,DUB,0,14.5,0.0,0,0,0,0,0,0,0,0,0,0,0
2,3834,16,Nadir Hifi,G,PBB,0,14.4,0.0,0,0,0,0,0,0,0,0,0,0,0
2,3769,17,Walter Tavares,C,RMB,0,14.3,0.0,0,0,0,0,0,0,0,0,0,0,0
2,3771,18,Wade Baldwin,G,FBT,0,14.2,0.0,0,0,0,0,0,0,0,0,0,0,0
2,11526,19,Guerschon Yabusele,F,PAO,0,14.2,0.0,0,0,0,0,0,0,0,0,0,0,0
2,3794,20,Kevin Punter,G,BAR,0,14,0.0,0,0,0,0,0,0,0,0,0,0,0
2,3843,21,Moses Wright,C,MIL,0,13.7,0.0,0,0,0,0,0,0,0,0,0,0,0
2,7201,22,Dwayne Bacon,F,DUB,0,13.5,0.0,0,0,0,0,0,0,0,0,0,0,0
2,3910,23,Roman Sorkin,C,MTA,0,13.5,0.0,0,0,0,0,0,0,0,0,0,0,0
2,3767,24,Shane Larkin,G,FBT,0,13.4,0.0,0,0,0,0,0,0,0,0,0,0,0
2,3772,25,Facundo Campazzo,G,RMB,0,13.4,0.0,0,0,0,0,0,0,0,0,0,0,0
2,3774,26,Tornike Shengelia,F,DUB,0,13.3,0.0,0,0,0,0,0,0,0,0,0,0,0
2,3787,27,Nigel Hayes-Davis,F,PAO,0,13.3,0.0,0,0,0,0,0,0,0,0,0,0,0
2,4096,28,McKinley Wright,G,DUB,0,13.3,0.0,0,0,0,0,0,0,0,0,0,0,0
2,3874,29,Tyler Dorsey,G,OLY,0,13.3,0.0,0,0,0,0,0,0,0,0,0,0,0
2,3790,30,Dzanan Musa,G,DUB,0,13.2,0.0,0,0,0,0,0,0,0,0,0,0,0
2,3799,31,Zach LeDay,F,HTA,0,13.2,0.0,0,0,0,0,0,0,0,0,0,0,0
2,4252,32,Jean Montero,G,OLY,0,13.1,0.0,0,0,0,0,0,0,0,0,0,0,0
2,3793,33,Jordan Nwora,F,CZV,0,12.8,0.0,0,0,0,0,0,0,0,0,0,0,0
2,8567,34,Talen Horton-Tucker,G,FBT,0,12.8,0.0,0,0,0,0,0,0,0,0,0,0,0
2,7218,35,Kameron Taylor,F,VBC,0,12.6,0.0,0,0,0,0,0,0,0,0,0,0,0
2,4247,36,Chris Jones,G,CZV,0,12.6,0.0,0,0,0,0,0,0,0,0,0,0,0
2,11514,37,Patty Mills,G,ASV,0,12.6,0.0,0,0,0,0,0,0,0,0,0,0,0
2,3775,38,Shavon Shields,F,FBT,0,12.5,0.0,0,0,0,0,0,0,0,0,0,0,0
2,3926,39,Filip Petrusev,F,DUB,0,12.5,0.0,0,0,0,0,0,0,0,0,0,0,0
2,3785,40,Josh Nebo,C,BAR,0,12.4,0.0,0,0,0,0,0,0,0,0,0,0,0
2,11507,41,Amir Coffey,F,HTA,0,12.4,0.0,0,0,0,0,0,0,0,0,0,0,0
2,3864,42,Timothe Luwawu-Cabarrot,F,RMB,0,12.4,0.0,0,0,0,0,0,0,0,0,0,0,0
2,3777,43,Will Clyburn,F,FBT,0,12.3,0.0,0,0,0,0,0,0,0,0,0,0,0
2,3807,44,Elie Okobo,G,DUB,0,12.2,0.0,0,0,0,0,0,0,0,0,0,0,0
2,3870,45,Tyrique Jones,C,OLY,0,12.1,0.0,0,0,0,0,0,0,0,0,0,0,0
2,7202,46,Justin Robinson,G,BAR,0,12.1,0.0,0,0,0,0,0,0,0,0,0,0,0
2,3820,47,Alec Peters,F,MIL,0,12,0.0,0,0,0,0,0,0,0,0,0,0,0
2,4882,48,Daniel Theis,C,MTA,0,12,0.0,0,0,0,0,0,0,0,0,0,0,0
2,3898,49,Ante Zizic,C,BJK,0,12,0.0,0,0,0,0,0,0,0,0,0,0,0
2,3773,50,Nikola Mirotic,F,VBC,0,11.8,0.0,0,0,0,0,0,0,0,0,0,0,0
2,7193,51,Vasilije Micic,G,HTA,0,11.7,0.0,0,0,0,0,0,0,0,0,0,0,0
2,7221,52,Azuolas Tubelis,F,ZAL,0,11.6,0.0,0,0,0,0,0,0,0,0,0,0,0
2,3825,53,Juancho Hernangomez,F,PAO,0,11.5,0.0,0,0,0,0,0,0,0,0,0,0,0
2,4712,54,Marcus Bingham,C,FBT,0,11.2,0.0,0,0,0,0,0,0,0,0,0,0,0
2,11527,55,TJ Warren,F,PBB,0,11.2,0.0,0,0,0,0,0,0,0,0,0,0,0
2,3899,56,Carsen Edwards,G,ZAL,0,11.1,0.0,0,0,0,0,0,0,0,0,0,0,0
2,3821,57,Donta Hall,C,OLY,0,11,0.0,0,0,0,0,0,0,0,0,0,0,0
2,11503,58,Marjon Beauchamp,F,BAY,0,11,0.0,0,0,0,0,0,0,0,0,0,0,0
2,11504,59,Johannes Thiemann,C,BAY,0,11,0.0,0,0,0,0,0,0,0,0,0,0,0
2,3934,60,Isaac Bonga,F,PAO,0,11,0.0,0,0,0,0,0,0,0,0,0,0,0
2,11528,61,Tyson Etienne,G,PBB,0,11,0.0,0,0,0,0,0,0,0,0,0,0,0
2,3810,62,Bonzie Colson,F,MTA,0,10.8,0.0,0,0,0,0,0,0,0,0,0,0,0
2,7269,63,Austin Wiley,C,BAY,0,10.7,0.0,0,0,0,0,0,0,0,0,0,0,0
2,3779,64,Kostas Sloukas,G,PAO,0,10.6,0.0,0,0,0,0,0,0,0,0,0,0,0
2,3808,65,Codi Miller-McIntyre,G,OLY,0,10.6,0.0,0,0,0,0,0,0,0,0,0,0,0
2,3946,66,Andreas Obst,G,BAY,0,10.6,0.0,0,0,0,0,0,0,0,0,0,0,0
2,3888,67,Sterling Brown,G,ZAL,0,10.6,0.0,0,0,0,0,0,0,0,0,0,0,0
2,8808,68,Eugene Omoruyi,F,BJK,0,10.6,0.0,0,0,0,0,0,0,0,0,0,0,0
2,3804,69,Tadas Sedekerskis,F,KBA,0,10.5,0.0,0,0,0,0,0,0,0,0,0,0,0
2,11494,70,Patrick Baldwin Jr.,C,CZV,0,10.5,0.0,0,0,0,0,0,0,0,0,0,0,0
2,7204,71,TJ Leaf,F,MTA,0,10.4,0.0,0,0,0,0,0,0,0,0,0,0,0
2,3815,72,Trent Forrest,G,FBT,0,10.4,0.0,0,0,0,0,0,0,0,0,0,0,0
2,7362,73,Umoja Gibson,G,BAR,0,10.4,0.0,0,0,0,0,0,0,0,0,0,0,0
2,11543,74,Rasheed Bello,G,VIR,0,10.4,0.0,0,0,0,0,0,0,0,0,0,0,0
2,3993,75,Matthew Strazel,G,EFS,0,10.3,0.0,0,0,0,0,0,0,0,0,0,0,0
2,7258,76,Daron Russell,G,EFS,0,10.3,0.0,0,0,0,0,0,0,0,0,0,0,0
2,7197,77,Oshae Brissett,F,MTA,0,10.2,0.0,0,0,0,0,0,0,0,0,0,0,0
2,3822,78,Joel Bolomboy,C,ASV,0,10.2,0.0,0,0,0,0,0,0,0,0,0,0,0
2,3833,79,Armoni Brooks,G,VBC,0,10.2,0.0,0,0,0,0,0,0,0,0,0,0,0
2,11516,80,Jae Crowder,F,ASV,0,10.2,0.0,0,0,0,0,0,0,0,0,0,0,0
2,11522,81,Keaton Wallace,G,MTA,0,10.2,0.0,0,0,0,0,0,0,0,0,0,0,0
2,8721,82,Jared Butler,G,CZV,0,10.1,0.0,0,0,0,0,0,0,0,0,0,0,0
2,11544,83,Trent Frazier,G,VIR,0,10.1,0.0,0,0,0,0,0,0,0,0,0,0,0
2,7237,84,Nathan Reuvers,F,VBC,0,10,0.0,0,0,0,0,0,0,0,0,0,0,0
2,8368,85,Mamadi Diakite,C,DUB,0,10,0.0,0,0,0,0,0,0,0,0,0,0,0
2,3806,86,Duane Washington,G,BAY,0,10,0.0,0,0,0,0,0,0,0,0,0,0,0
2,4164,87,Johnathan Motley,C,CZV,0,10,0.0,0,0,0,0,0,0,0,0,0,0,0
2,3850,88,Theo Maledon,G,RMB,0,10,0.0,0,0,0,0,0,0,0,0,0,0,0
2,11511,89,Chris Duarte,G,KBA,0,10,0.0,0,0,0,0,0,0,0,0,0,0,0
2,9064,90,Kessler Edwards,F,VIR,0,10,0.0,0,0,0,0,0,0,0,0,0,0,0
2,4808,91,Bruno Fernando,C,EFS,0,10,0.0,0,0,0,0,0,0,0,0,0,0,0
2,4340,92,Kyle Allman,G,PAR,0,9.9,0.0,0,0,0,0,0,0,0,0,0,0,0
2,11508,93,Jacob Toppin,F,HTA,0,9.9,0.0,0,0,0,0,0,0,0,0,0,0,0
2,4180,94,Devon Dotson,G,BJK,0,9.9,0.0,0,0,0,0,0,0,0,0,0,0,0
2,3914,95,Nigel Williams-Goss,G,ZAL,0,9.9,0.0,0,0,0,0,0,0,0,0,0,0,0
2,11505,96,Johnny Juzang,F,FBT,0,9.9,0.0,0,0,0,0,0,0,0,0,0,0,0
2,3875,97,Marko Guduric,G,MIL,0,9.8,0.0,0,0,0,0,0,0,0,0,0,0,0
2,11492,98,Jaylen Nowell,G,BJK,0,9.8,0.0,0,0,0,0,0,0,0,0,0,0,0
2,11491,99,David DeJulius,G,BJK,0,9.7,0.0,0,0,0,0,0,0,0,0,0,0,0
2,11532,100,Ethan Thompson,G,PAR,0,9.6,0.0,0,0,0,0,0,0,0,0,0,0,0
2,11545,101,Marcus Carr,G,VIR,0,9.6,0.0,0,0,0,0,0,0,0,0,0,0,0
2,11532,102,Ethan Thompson,G,PAR,0,9.6,0.0,0,0,0,0,0,0,0,0,0,0,0
2,11546,103,Bobi Klintman,C,VIR,0,9.6,0.0,0,0,0,0,0,0,0,0,0,0,0
2,3860,104,Devin Booker,C,MIL,0,9.5,0.0,0,0,0,0,0,0,0,0,0,0,0
2,11529,105,Alize Johnson,F,PBB,0,9.5,0.0,0,0,0,0,0,0,0,0,0,0,0
2,4675,106,Antonio Blakeney,G,HTA,0,9.5,0.0,0,0,0,0,0,0,0,0,0,0,0
2,8714,107,Kobi Simmons,G,KBA,0,9.4,0.0,0,0,0,0,0,0,0,0,0,0,0
2,3940,108,Nick Weiler-Babb,G,CZV,0,9.4,0.0,0,0,0,0,0,0,0,0,0,0,0
2,7422,109,Ercan Osmani,F,EFS,0,9.4,0.0,0,0,0,0,0,0,0,0,0,0,0
2,7220,110,Ebuka Izundu,C,CZV,0,9.4,0.0,0,0,0,0,0,0,0,0,0,0,0
2,11515,111,Tremont Waters,G,ASV,0,9.4,0.0,0,0,0,0,0,0,0,0,0,0,0
2,4210,112,Anthony Brown,F,BJK,0,9.4,0.0,0,0,0,0,0,0,0,0,0,0,0
2,4884,113,Jimmy Clark III,G,MTA,0,9.4,0.0,0,0,0,0,0,0,0,0,0,0,0
2,11518,114,Mathis Dossou-Yovo,F,ASV,0,9.3,0.0,0,0,0,0,0,0,0,0,0,0,0
2,3981,115,Mouhamet Diouf,C,VIR,0,9.3,0.0,0,0,0,0,0,0,0,0,0,0,0
2,11499,116,Tosan Evbuomwan,F,BAR,0,9.3,0.0,0,0,0,0,0,0,0,0,0,0,0
2,4360,117,Evan Fournier,G,OLY,0,9.3,0.0,0,0,0,0,0,0,0,0,0,0,0
2,3841,118,Tomas Satoransky,G,HTA,0,9.2,0.0,0,0,0,0,0,0,0,0,0,0,0
2,11536,119,Damian Jones,C,RMB,0,9.2,0.0,0,0,0,0,0,0,0,0,0,0,0
2,11517,120,TyTy Washington,G,ASV,0,9.2,0.0,0,0,0,0,0,0,0,0,0,0,0
2,11530,121,Maozinha Pereira,F,PBB,0,9.2,0.0,0,0,0,0,0,0,0,0,0,0,0
2,8730,122,Kenneth Faried,C,KBA,0,9.2,0.0,0,0,0,0,0,0,0,0,0,0,0
2,3907,123,Jaron Blossomgame,F,DUB,0,9.1,0.0,0,0,0,0,0,0,0,0,0,0,0
2,3930,124,Yam Madar,G,MTA,0,9.1,0.0,0,0,0,0,0,0,0,0,0,0,0
2,11512,125,AJ Lawson,G,KBA,0,9.1,0.0,0,0,0,0,0,0,0,0,0,0,0
2,4280,126,Marek Blazevic,C,ZAL,0,9.1,0.0,0,0,0,0,0,0,0,0,0,0,0
2,11500,127,Stanley Umude,G,BAR,0,9,0.0,0,0,0,0,0,0,0,0,0,0,0
2,3845,128,Joffrey Lauvergne,C,PAR,0,9,0.0,0,0,0,0,0,0,0,0,0,0,0
2,3856,129,Isaia Cordinier,G,EFS,0,9,0.0,0,0,0,0,0,0,0,0,0,0,0
2,3884,130,Neal Sako,C,VBC,0,9,0.0,0,0,0,0,0,0,0,0,0,0,0
2,11534,131,Olivier Sarr,C,RMB,0,9,0.0,0,0,0,0,0,0,0,0,0,0,0
2,11537,132,Gonzalo Corbalan,G,VBC,0,8.9,0.0,0,0,0,0,0,0,0,0,0,0,0
2,11490,133,Garrison Mathews,G,MIL,0,8.9,0.0,0,0,0,0,0,0,0,0,0,0,0
2,7194,134,Chuma Okeke,F,RMB,0,8.9,0.0,0,0,0,0,0,0,0,0,0,0,0
2,3853,135,Jerian Grant,G,PAO,0,8.8,0.0,0,0,0,0,0,0,0,0,0,0,0
2,11547,136,Wendell Moore Jr.,G,VIR,0,8.8,0.0,0,0,0,0,0,0,0,0,0,0,0
2,11489,137,Jason Burnell,F,MIL,0,8.8,0.0,0,0,0,0,0,0,0,0,0,0,0
2,4124,138,Kevin Kokila,C,VIR,0,8.8,0.0,0,0,0,0,0,0,0,0,0,0,0
2,8762,139,Jared Rhoden,G,PBB,0,8.8,0.0,0,0,0,0,0,0,0,0,0,0,0
2,3859,140,Vladimir Lucic,F,BAY,0,8.7,0.0,0,0,0,0,0,0,0,0,0,0,0
2,8463,141,Kai Jones,C,EFS,0,8.7,0.0,0,0,0,0,0,0,0,0,0,0,0
2,11519,142,Hugo Besson,G,ASV,0,8.7,0.0,0,0,0,0,0,0,0,0,0,0,0
2,8727,143,Braxton Key,F,FBT,0,8.6,0.0,0,0,0,0,0,0,0,0,0,0,0
2,3892,144,Rokas Jokubaitis,G,BAY,0,8.6,0.0,0,0,0,0,0,0,0,0,0,0,0
2,8846,145,Tonye Jekiri,C,PAR,0,8.6,0.0,0,0,0,0,0,0,0,0,0,0,0
2,7203,146,Miles Norris,F,BAY,0,8.6,0.0,0,0,0,0,0,0,0,0,0,0,0
2,4081,147,Conor Morgan,F,BJK,0,8.6,0.0,0,0,0,0,0,0,0,0,0,0,0
2,11538,148,Mo Gueye,F,VBC,0,8.6,0.0,0,0,0,0,0,0,0,0,0,0,0
2,11493,149,Mady Sissoko,C,BJK,0,8.6,0.0,0,0,0,0,0,0,0,0,0,0,0
2,4257,150,Jaime Pradilla,F,RMB,0,8.6,0.0,0,0,0,0,0,0,0,0,0,0,0
2,3803,151,Gabriel Deck,F,RMB,0,8.5,0.0,0,0,0,0,0,0,0,0,0,0,0
2,3925,152,Devon Hall,G,MIL,0,8.5,0.0,0,0,0,0,0,0,0,0,0,0,0
2,4670,153,Saben Lee,G,ZAL,0,8.5,0.0,0,0,0,0,0,0,0,0,0,0,0
2,3831,154,Darius Thompson,G,MIL,0,8.4,0.0,0,0,0,0,0,0,0,0,0,0,0
2,11513,155,Damion Baugh,G,KBA,0,8.4,0.0,0,0,0,0,0,0,0,0,0,0,0
2,3881,156,Leandro Bolmaro,G,MIL,0,8.4,0.0,0,0,0,0,0,0,0,0,0,0,0
2,12145,157,Nick Smith Jr,G,RMB,0,8.4,0.0,0,0,0,0,0,0,0,0,0,0,0
2,11488,158,Santi Yusta,F,EFS,0,8.4,0.0,0,0,0,0,0,0,0,0,0,0,0
2,7338,159,Both Gach,F,ASV,0,8.4,0.0,0,0,0,0,0,0,0,0,0,0,0
2,3776,160,Wenyen Gabriel,C,BJK,0,8.3,0.0,0,0,0,0,0,0,0,0,0,0,0
2,3816,161,Markus Howard,G,KBA,0,8.3,0.0,0,0,0,0,0,0,0,0,0,0,0
2,11501,162,Tyrese Martin,F,BAR,0,8.3,0.0,0,0,0,0,0,0,0,0,0,0,0
2,3980,163,Aleksander Balcerowski,C,BAR,0,8.3,0.0,0,0,0,0,0,0,0,0,0,0,0
2,7210,164,Omari Moore,G,VBC,0,8.3,0.0,0,0,0,0,0,0,0,0,0,0,0
2,7209,165,Lamar Stevens,F,PAR,0,8.3,0.0,0,0,0,0,0,0,0,0,0,0,0
2,4108,166,DJ Stewart,G,KBA,0,8.3,0.0,0,0,0,0,0,0,0,0,0,0,0
2,3780,167,Furkan Korkmaz,F,BJK,0,8.2,0.0,0,0,0,0,0,0,0,0,0,0,0
2,3801,168,Nicolo Melli,F,FBT,0,8.2,0.0,0,0,0,0,0,0,0,0,0,0,0
2,7212,169,Derrick Alston Jr.,F,VIR,0,8.2,0.0,0,0,0,0,0,0,0,0,0,0,0
2,4251,170,Brancou Badio,G,PAO,0,8.2,0.0,0,0,0,0,0,0,0,0,0,0,0
2,3797,171,Moustapha Fall,C,PAO,0,8.1,0.0,0,0,0,0,0,0,0,0,0,0,0
2,3838,172,Collin Malcolm,F,EFS,0,8.1,0.0,0,0,0,0,0,0,0,0,0,0,0
2,7226,173,Allan Dokossi,C,PBB,0,8.1,0.0,0,0,0,0,0,0,0,0,0,0,0
2,3880,174,Derek Willis,F,PAR,0,8,0.0,0,0,0,0,0,0,0,0,0,0,0
2,3883,175,Johannes Voigtmann,C,BAY,0,7.9,0.0,0,0,0,0,0,0,0,0,0,0,0
2,11535,176,Max Shulga,G,RMB,0,7.9,0.0,0,0,0,0,0,0,0,0,0,0,0
2,7268,177,RJ Cole,G,MIL,0,7.9,0.0,0,0,0,0,0,0,0,0,0,0,0
2,4097,178,Nikola Tanaskovic,C,PAR,0,7.9,0.0,0,0,0,0,0,0,0,0,0,0,0
2,3824,179,Luca Vildoza,G,PAR,0,7.8,0.0,0,0,0,0,0,0,0,0,0,0,0
2,3861,180,Thomas Walkup,G,DUB,0,7.8,0.0,0,0,0,0,0,0,0,0,0,0,0
2,3905,181,Iffe Lundberg,G,MTA,0,7.8,0.0,0,0,0,0,0,0,0,0,0,0,0
2,4195,182,Justinian Jessup,G,BAY,0,7.8,0.0,0,0,0,0,0,0,0,0,0,0,0
2,3826,183,Frank Ntilikina,G,PBB,0,7.7,0.0,0,0,0,0,0,0,0,0,0,0,0
2,12460,184,DaQuan Jeffries,F,BJK,0,7.7,0.0,0,0,0,0,0,0,0,0,0,0,0
2,3842,185,Scottie Wilbekin,G,BJK,0,7.7,0.0,0,0,0,0,0,0,0,0,0,0,0
2,3846,186,Tyson Ward,F,OLY,0,7.7,0.0,0,0,0,0,0,0,0,0,0,0,0
2,11509,187,Eugene German,G,HTA,0,7.7,0.0,0,0,0,0,0,0,0,0,0,0,0
2,11502,188,Olivier Nkamhoua,F,BAR,0,7.7,0.0,0,0,0,0,0,0,0,0,0,0,0
2,11520,189,Yves Pons,F,ASV,0,7.7,0.0,0,0,0,0,0,0,0,0,0,0,0
2,7215,190,Dylan Osetkowski,F,VBC,0,7.7,0.0,0,0,0,0,0,0,0,0,0,0,0
2,3818,191,Bruno Caboclo,C,HTA,0,7.6,0.0,0,0,0,0,0,0,0,0,0,0,0
2,8728,192,Alex Len,C,KBA,0,7.6,0.0,0,0,0,0,0,0,0,0,0,0,0
2,3960,193,Tamir Blatt,G,HTA,0,7.6,0.0,0,0,0,0,0,0,0,0,0,0,0
2,3963,194,Alessandro Pajola,G,PAR,0,7.6,0.0,0,0,0,0,0,0,0,0,0,0,0
2,8834,195,Chris Silva,C,FBT,0,7.6,0.0,0,0,0,0,0,0,0,0,0,0,0
2,7243,196,Nathan Sestina,F,ASV,0,7.6,0.0,0,0,0,0,0,0,0,0,0,0,0
2,3862,197,Jasiel Rivero,C,VBC,0,7.5,0.0,0,0,0,0,0,0,0,0,0,0,0
2,3911,198,Kevarrius Hayes,C,PAR,0,7.5,0.0,0,0,0,0,0,0,0,0,0,0,0
2,4246,199,Semi Ojeleye,F,CZV,0,7.5,0.0,0,0,0,0,0,0,0,0,0,0,0
2,4758,200,PJ Dozier,G,EFS,0,7.4,0.0,0,0,0,0,0,0,0,0,0,0,0
2,4159,201,Khadeen Carrington,G,HTA,0,7.4,0.0,0,0,0,0,0,0,0,0,0,0,0
2,4758,202,PJ Dozier,G,EFS,0,7.4,0.0,0,0,0,0,0,0,0,0,0,0,0
2,11558,203,Justin Minaya,F,BAR,0,7.4,0.0,0,0,0,0,0,0,0,0,0,0,0
2,3948,204,Mbaye Ndiaye,F,OLY,0,7.3,0.0,0,0,0,0,0,0,0,0,0,0,0
2,11539,205,Elias Valtonen,F,VBC,0,7.2,0.0,0,0,0,0,0,0,0,0,0,0,0
2,3942,206,Maodo Lo,G,ZAL,0,7.1,0.0,0,0,0,0,0,0,0,0,0,0,0
2,3891,207,Vitto Brown,F,BJK,0,7,0.0,0,0,0,0,0,0,0,0,0,0,0
2,3917,208,Kamar Baldwin,G,BAY,0,7,0.0,0,0,0,0,0,0,0,0,0,0,0
2,3957,209,Oscar Da Silva,F,BAY,0,7,0.0,0,0,0,0,0,0,0,0,0,0,0
2,4375,210,Arnas Butkevicius,F,ZAL,0,7,0.0,0,0,0,0,0,0,0,0,0,0,0
2,3992,211,Terry Tarpey,G,PBB,0,6.9,0.0,0,0,0,0,0,0,0,0,0,0,0
2,4212,212,Yoan Makoundou,C,BAR,0,6.9,0.0,0,0,0,0,0,0,0,0,0,0,0
2,7867,213,Armando Bacot,C,MTA,0,6.9,0.0,0,0,0,0,0,0,0,0,0,0,0
2,3967,214,Dario Brizuela,G,BAR,0,6.8,0.0,0,0,0,0,0,0,0,0,0,0,0
2,7390,215,Tobias Jensen,G,BAY,0,6.8,0.0,0,0,0,0,0,0,0,0,0,0,0
2,3952,216,Mam Jaiteh,C,DUB,0,6.7,0.0,0,0,0,0,0,0,0,0,0,0,0
2,3973,217,Joel Parra,F,BAR,0,6.7,0.0,0,0,0,0,0,0,0,0,0,0,0
2,4129,218,Myles Cale,G,ASV,0,6.7,0.0,0,0,0,0,0,0,0,0,0,0,0
2,7217,219,Tyson Carter,G,CZV,0,6.6,0.0,0,0,0,0,0,0,0,0,0,0,0
2,7225,220,David Kramer,G,CZV,0,6.6,0.0,0,0,0,0,0,0,0,0,0,0,0
2,7229,221,Mouhamed Faye,C,PBB,0,6.6,0.0,0,0,0,0,0,0,0,0,0,0,0
2,7238,222,Rodions Kurucs,F,KBA,0,6.6,0.0,0,0,0,0,0,0,0,0,0,0,0
2,7328,223,Kaodirichi Akobundu-Ehiogu,C,ZAL,0,6.6,0.0,0,0,0,0,0,0,0,0,0,0,0
2,7424,224,Aliou Diarra,C,VIR,0,6.6,0.0,0,0,0,0,0,0,0,0,0,0,0
2,8993,225,Cory Joseph,G,OLY,0,6.6,0.0,0,0,0,0,0,0,0,0,0,0,0
2,3852,226,Edgaras Ulanovas,F,ZAL,0,6.4,0.0,0,0,0,0,0,0,0,0,0,0,0
2,3904,227,Justin Anderson,F,DUB,0,6.4,0.0,0,0,0,0,0,0,0,0,0,0,0
2,3915,228,Matteo Spagnolo,G,KBA,0,6.4,0.0,0,0,0,0,0,0,0,0,0,0,0
2,11525,229,Antonis Karagiannidis,C,OLY,0,6.4,0.0,0,0,0,0,0,0,0,0,0,0,0
2,4167,230,Ish Wainright,F,HTA,0,6.4,0.0,0,0,0,0,0,0,0,0,0,0,0
2,7234,231,Yankuba Sima,C,VBC,0,6.4,0.0,0,0,0,0,0,0,0,0,0,0,0
2,3851,232,Andres Feliz,G,RMB,0,6.3,0.0,0,0,0,0,0,0,0,0,0,0,0
2,4084,233,Dustin Sleva,F,ZAL,0,6.3,0.0,0,0,0,0,0,0,0,0,0,0,0
2,7219,234,Amath M'Baye,F,PBB,0,6.3,0.0,0,0,0,0,0,0,0,0,0,0,0
2,11498,235,Davion Mintz,G,DUB,0,6.3,0.0,0,0,0,0,0,0,0,0,0,0,0
2,11506,236,Ignas Sargiunas,G,FBT,0,6.2,0.0,0,0,0,0,0,0,0,0,0,0,0
2,3869,237,Mikael Jantunen,F,RMB,0,6.1,0.0,0,0,0,0,0,0,0,0,0,0,0
2,4073,238,Tai Odiase,C,HTA,0,6.1,0.0,0,0,0,0,0,0,0,0,0,0,0
2,3835,239,Usman Garuba,C,RMB,0,6,0.0,0,0,0,0,0,0,0,0,0,0,0
2,3918,240,Marius Grigonis,F,ZAL,0,6,0.0,0,0,0,0,0,0,0,0,0,0,0
2,3927,241,Daulton Hommes,F,PBB,0,6,0.0,0,0,0,0,0,0,0,0,0,0,0
2,7232,242,Bodian Massa,F,ASV,0,6,0.0,0,0,0,0,0,0,0,0,0,0,0
2,7378,243,Agustin Ubal,G,BAR,0,6,0.0,0,0,0,0,0,0,0,0,0,0,0
2,3836,244,Konstantinos Mitoglou,F,PAO,0,5.9,0.0,0,0,0,0,0,0,0,0,0,0,0
2,4156,245,Jeremy Morgan,F,PBB,0,5.9,0.0,0,0,0,0,0,0,0,0,0,0,0
2,3954,246,Khalifa Diop,C,KBA,0,5.8,0.0,0,0,0,0,0,0,0,0,0,0,0
2,4094,247,Kenan Kamenjas,C,DUB,0,5.8,0.0,0,0,0,0,0,0,0,0,0,0,0
2,11523,248,Shane Hunter,C,MTA,0,5.8,0.0,0,0,0,0,0,0,0,0,0,0,0
2,4215,249,Max Heidegger,G,HTA,0,5.7,0.0,0,0,0,0,0,0,0,0,0,0,0
2,11531,250,Nobel Boungou-Colo,F,PBB,0,5.6,0.0,0,0,0,0,0,0,0,0,0,0,0
2,4234,251,Tyler Ennis,G,HTA,0,5.6,0.0,0,0,0,0,0,0,0,0,0,0,0
2,3962,252,Mario Nakic,F,PAR,0,5.4,0.0,0,0,0,0,0,0,0,0,0,0,0
2,4008,253,Metecan Birsen,F,BJK,0,5.4,0.0,0,0,0,0,0,0,0,0,0,0,0
2,4242,254,Davide Casarin,G,VIR,0,5.4,0.0,0,0,0,0,0,0,0,0,0,0,0
2,7231,255,Brice Dessert,C,EFS,0,5.4,0.0,0,0,0,0,0,0,0,0,0,0,0
2,4258,256,Josep Puerto,G,VBC,0,5.3,0.0,0,0,0,0,0,0,0,0,0,0,0
2,7216,257,Davis Bertans,F,DUB,0,5.3,0.0,0,0,0,0,0,0,0,0,0,0,0
2,11521,258,Marc-Owen Fodzo Dada,G,ASV,0,5.3,0.0,0,0,0,0,0,0,0,0,0,0,0
2,3975,259,Sebastian Herrera,G,PBB,0,5.1,0.0,0,0,0,0,0,0,0,0,0,0,0
2,3985,260,David Lighty,F,ASV,0,5.1,0.0,0,0,0,0,0,0,0,0,0,0,0
2,8830,261,Francesco Ferrari,F,VIR,0,5.1,0.0,0,0,0,0,0,0,0,0,0,0,0
2,3978,262,Eli Ndiaye,F,RMB,0,5,0.0,0,0,0,0,0,0,0,0,0,0,0
2,3830,263,Deividas Sirvydis,G,ZAL,0,4.9,0.0,0,0,0,0,0,0,0,0,0,0,0
2,3971,264,Vanja Marinkovic,G,PAR,0,4.9,0.0,0,0,0,0,0,0,0,0,0,0,0
2,4546,265,Joel Ayayi,G,PBB,0,4.9,0.0,0,0,0,0,0,0,0,0,0,0,0
2,4698,266,Onuralp Bitim,F,FBT,0,4.9,0.0,0,0,0,0,0,0,0,0,0,0,0
2,7223,267,Clement Frisch,F,KBA,0,4.9,0.0,0,0,0,0,0,0,0,0,0,0,0
2,11540,268,Mario Saint-Supery,G,VBC,0,4.9,0.0,0,0,0,0,0,0,0,0,0,0,0
2,11510,269,Frederic Bourdillon,G,HTA,0,4.9,0.0,0,0,0,0,0,0,0,0,0,0,0
2,3933,270,Leopold Cavaliere,F,PBB,0,4.8,0.0,0,0,0,0,0,0,0,0,0,0,0
2,3972,271,Justus Hollatz,G,BAY,0,4.8,0.0,0,0,0,0,0,0,0,0,0,0,0
2,3994,272,Yakuba Ouattara,G,PBB,0,4.8,0.0,0,0,0,0,0,0,0,0,0,0,0
2,4061,273,Eleftherios Mantzoukas,F,PAO,0,4.8,0.0,0,0,0,0,0,0,0,0,0,0,0
2,3950,274,Ognjen Dobric,F,CZV,0,4.7,0.0,0,0,0,0,0,0,0,0,0,0,0
2,11495,275,Nikola Djurisic,G,CZV,0,4.7,0.0,0,0,0,0,0,0,0,0,0,0,0
2,3886,276,Daniel Hackett,G,VIR,0,4.6,0.0,0,0,0,0,0,0,0,0,0,0,0
2,3979,277,Giannoulis Larentzakis,G,OLY,0,4.6,0.0,0,0,0,0,0,0,0,0,0,0,0
2,3896,278,Juan Nunez,G,BAR,0,4.5,0.0,0,0,0,0,0,0,0,0,0,0,0
2,3984,279,Sertac Sanli,C,FBT,0,4.5,0.0,0,0,0,0,0,0,0,0,0,0,0
2,4005,280,Edwin Jackson,F,ASV,0,4.5,0.0,0,0,0,0,0,0,0,0,0,0,0
2,4012,281,Giampaolo Ricci,F,MIL,0,4.5,0.0,0,0,0,0,0,0,0,0,0,0,0
2,4088,282,Berk Ugurlu,G,BJK,0,4.5,0.0,0,0,0,0,0,0,0,0,0,0,0
2,7239,283,Izan Almansa,F,RMB,0,4.5,0.0,0,0,0,0,0,0,0,0,0,0,0
2,3936,284,Nikos Rogkavopoulos,F,PAO,0,4.4,0.0,0,0,0,0,0,0,0,0,0,0,0
2,3977,285,Sergio Llull,G,RMB,0,4.4,0.0,0,0,0,0,0,0,0,0,0,0,0
2,4165,286,Tomer Ginat,F,HTA,0,4.4,0.0,0,0,0,0,0,0,0,0,0,0,0
2,7228,287,Klemen Prepelic,G,DUB,0,4.4,0.0,0,0,0,0,0,0,0,0,0,0,0
2,7241,288,Gur Lavy,F,MTA,0,4.4,0.0,0,0,0,0,0,0,0,0,0,0,0
2,11541,289,Alvaro Cardenas,G,VBC,0,4.4,0.0,0,0,0,0,0,0,0,0,0,0,0
2,9063,290,Amit Ebo,G,MTA,0,4.4,0.0,0,0,0,0,0,0,0,0,0,0,0
2,3867,291,Kostas Papanikolaou,F,OLY,0,4.3,0.0,0,0,0,0,0,0,0,0,0,0,0
2,3983,292,Dejan Davidovac,F,CZV,0,4.3,0.0,0,0,0,0,0,0,0,0,0,0,0
2,3986,293,Niels Giffey,F,BAY,0,4.3,0.0,0,0,0,0,0,0,0,0,0,0,0
2,3991,294,Alberto Abalde,F,RMB,0,4.3,0.0,0,0,0,0,0,0,0,0,0,0,0
2,3998,295,Dovydas Giedraitis,G,ZAL,0,4.3,0.0,0,0,0,0,0,0,0,0,0,0,0
2,4007,296,Erkan Yilmaz,F,EFS,0,4.3,0.0,0,0,0,0,0,0,0,0,0,0,0
2,11524,297,Nikolaos Plotas,G,OLY,0,4.3,0.0,0,0,0,0,0,0,0,0,0,0,0
2,11548,298,Tommaso Baldasso,G,VIR,0,4.3,0.0,0,0,0,0,0,0,0,0,0,0,0
2,4378,299,William Rayman,F,MTA,0,4.2,0.0,0,0,0,0,0,0,0,0,0,0,0
2,7230,300,Awudu Abass,F,DUB,0,4.2,0.0,0,0,0,0,0,0,0,0,0,0,0
2,4378,301,William Rayman,F,MTA,0,4.2,0.0,0,0,0,0,0,0,0,0,0,0,0
2,7230,302,Awudu Abass,F,DUB,0,4.2,0.0,0,0,0,0,0,0,0,0,0,0,0
2,3997,303,Stefano Tonut,G,MIL,0,4.1,0.0,0,0,0,0,0,0,0,0,0,0,0
2,8623,304,Kosta Kondic,G,DUB,0,4.1,0.0,0,0,0,0,0,0,0,0,0,0,0
2,11542,305,Lucas Mari,G,VBC,0,4.1,0.0,0,0,0,0,0,0,0,0,0,0,0
2,3916,306,Gabriele Procida,F,RMB,0,4,0.0,0,0,0,0,0,0,0,0,0,0,0
2,3976,307,Arijan Lakic,F,PAR,0,4,0.0,0,0,0,0,0,0,0,0,0,0,0
2,4000,308,Melih Mahmutoglu,G,FBT,0,4,0.0,0,0,0,0,0,0,0,0,0,0,0
2,4003,309,Enzo Shahrvin,C,PBB,0,4,0.0,0,0,0,0,0,0,0,0,0,0,0
2,4009,310,Ousmane Diop,C,MIL,0,4,0.0,0,0,0,0,0,0,0,0,0,0,0
2,4013,311,Diego Flaccadori,G,MIL,0,4,0.0,0,0,0,0,0,0,0,0,0,0,0
2,4016,312,Nicola Akele,F,MIL,0,4,0.0,0,0,0,0,0,0,0,0,0,0,0
2,4019,313,Panagiotis Kalaitzakis,G,PAO,0,4,0.0,0,0,0,0,0,0,0,0,0,0,0
2,4023,314,Mitar Bosnjakovic,G,PAR,0,4,0.0,0,0,0,0,0,0,0,0,0,0,0
2,4026,315,Burakcan Yildizli,F,EFS,0,4,0.0,0,0,0,0,0,0,0,0,0,0,0
2,4036,316,Mert Eksioglu,G,FBT,0,4,0.0,0,0,0,0,0,0,0,0,0,0,0
2,4051,317,Georgios Kalaitzakis,G,PAO,0,4,0.0,0,0,0,0,0,0,0,0,0,0,0
2,4174,318,Guy Palatin,G,HTA,0,4,0.0,0,0,0,0,0,0,0,0,0,0,0
2,4175,319,Oz Blayzer,F,HTA,0,4,0.0,0,0,0,0,0,0,0,0,0,0,0
2,4551,320,Bar Timor,G,HTA,0,4,0.0,0,0,0,0,0,0,0,0,0,0,0
2,7245,321,David Mutaf,G,EFS,0,4,0.0,0,0,0,0,0,0,0,0,0,0,0
2,7246,322,Stefan Miljenovic,G,CZV,0,4,0.0,0,0,0,0,0,0,0,0,0,0,0
2,7248,323,Nemanja Dangubic,F,DUB,0,4,0.0,0,0,0,0,0,0,0,0,0,0,0
2,7250,324,Ioannis Kouzeloglou,F,PAO,0,4,0.0,0,0,0,0,0,0,0,0,0,0,0
2,7254,325,Itay Segev,C,HTA,0,4,0.0,0,0,0,0,0,0,0,0,0,0,0
2,7255,326,Omiros Netzipoglou,G,OLY,0,4,0.0,0,0,0,0,0,0,0,0,0,0,0
2,8644,327,Stefan Joksimovic,F,KBA,0,4,0.0,0,0,0,0,0,0,0,0,0,0,0
2,8677,328,Pedro Souza,F,KBA,0,4,0.0,0,0,0,0,0,0,0,0,0,0,0
2,8681,329,Aleksej Nedeljkovic,F,CZV,0,4,0.0,0,0,0,0,0,0,0,0,0,0,0
2,8769,330,Uros Danilovic,F,PAR,0,4,0.0,0,0,0,0,0,0,0,0,0,0,0
2,8770,331,Ruzgar Fenemen,G,EFS,0,4,0.0,0,0,0,0,0,0,0,0,0,0,0
2,9006,332,Caspar Vossenberg,G,BAY,0,4,0.0,0,0,0,0,0,0,0,0,0,0,0
2,9061,333,Matteo Baiocchi,G,VIR,0,4,0.0,0,0,0,0,0,0,0,0,0,0,0
2,9062,334,Kilian Fischer,F,BAY,0,4,0.0,0,0,0,0,0,0,0,0,0,0,0
2,11496,335,Andrej Bjelic,G,CZV,0,4,0.0,0,0,0,0,0,0,0,0,0,0,0
2,11497,336,Vojin Medarevic,C,CZV,0,4,0.0,0,0,0,0,0,0,0,0,0,0,0
2,11533,337,Uros Mijailovic,F,PAR,0,4,0.0,0,0,0,0,0,0,0,0,0,0,0
2,12465,338,Darius Karutasu,F,EFS,0,4,0.0,0,0,0,0,0,0,0,0,0,0,0
2,12466,339,Yagiz Aksu,G,BJK,0,4,0.0,0,0,0,0,0,0,0,0,0,0,0
2,12467,340,Andrija Susic,G,BAY,0,4,0.0,0,0,0,0,0,0,0,0,0,0,0
2,12468,341,Niko Jerkic,G,BAY,0,4,0.0,0,0,0,0,0,0,0,0,0,0,0
2,12469,342,Thierry Henry Alves de Souza Silva,C,KBA,0,4,0.0,0,0,0,0,0,0,0,0,0,0,0
2,12470,343,Georgios Bourneles,G,OLY,0,4,0.0,0,0,0,0,0,0,0,0,0,0,0
2,12471,344,Iason Varvaritis,G,PAO,0,4,0.0,0,0,0,0,0,0,0,0,0,0,0
2,12517,345,Abdu Kone,C,BAR,0,4,0.0,0,0,0,0,0,0,0,0,0,0,0
