id,gp,first_name,last_name,team_id,team_code,team_name,position,position_id,cr,pdk,min,starter,pts,ast,reb,stl,blk,blka,fgm,fgm_tot,fga,fga_tot,tpm,tpm_tot,tpa,tpa_tot,ftm,ftm_tot,fta,fta_tot,oreb,dreb,tov,pf,fouls_received,plus_minus,fgp,tpp,ftp,slug
1218,12,Shane,Larkin,32,EFS,Anadolu Efes Istanbul,G,1,0.0,15.6,30.4,10,15.3,4.2,2.3,0.3,0.0,0.8,5.1,61.00,10.8,130.00,2.3,28.00,5.4,65.00,2.8,33.00,3.1,37.00,0.5,1.8,2.5,1.2,3.5,-1.7,46.9,43.1,89.2,shane-larkin
1237,14,Vincent,Poirier,32,EFS,Anadolu Efes Istanbul,C,3,0.0,11.4,18.5,13,8.0,1.2,4.6,0.5,0.6,0.2,3.1,44.00,6.0,84.00,0.0,0,0.0,0,1.7,24.00,2.3,32.00,2.1,2.6,0.7,2.0,2.4,-1.5,52.4,0.0,75.0,vincent-poirier
1240,37,Nick,Weiler-babb,32,EFS,Anadolu Efes Istanbul,G,1,0.0,11.3,28.8,36,7.7,4.8,3.4,1.2,0.1,0.1,2.5,92.00,6.1,225.00,1.4,52.00,3.8,142.00,1.3,49.00,1.8,65.00,0.8,2.6,1.6,2.7,2.2,-1.3,40.9,36.6,75.4,nick-weiler-babb
1265,5,Georgios,Papagiannis,32,EFS,Anadolu Efes Istanbul,C,3,0.0,5.6,14.8,2,2.2,1.0,3.4,0.4,0.6,0.0,1.0,5.00,3.0,15.00,0.2,1.00,1.0,5.00,0.0,0,0.0,0,1.0,2.4,0.4,1.2,1.2,0.8,33.3,20.0,0.0,georgios-papagiannis
1279,35,Rolands,Smits,32,EFS,Anadolu Efes Istanbul,F,2,0.0,6.3,19.0,12,6.7,0.7,3.1,0.3,0.1,0.1,2.5,88.00,5.0,176.00,0.7,24.00,2.1,73.00,0.9,33.00,1.3,45.00,0.9,2.1,0.8,2.7,1.6,-2.8,50.0,32.9,73.3,rolands-smits
1294,30,Isaia,Cordinier,32,EFS,Anadolu Efes Istanbul,G,1,0.0,8.9,24.2,20,9.4,1.9,2.8,0.8,0.2,0.3,3.1,94.00,7.4,221.00,1.0,31.00,3.5,105.00,2.1,63.00,2.5,75.00,0.6,2.2,1.5,2.5,2.4,-1.4,42.5,29.5,84.0,isaia-cordinier
1364,33,Sehmus,Hazer,32,EFS,Anadolu Efes Istanbul,G,1,0.0,4.2,13.2,1,5.6,1.1,0.9,0.4,0.0,0.2,2.0,67.00,5.0,164.00,0.5,18.00,1.8,61.00,1.0,34.00,1.4,45.00,0.2,0.7,0.9,1.1,1.5,-1.5,40.9,29.5,75.6,sehmus-hazer
1391,21,Rodrigue,Beaubois,32,EFS,Anadolu Efes Istanbul,G,1,0.0,4.8,12.4,4,5.1,1.1,1.2,0.6,0.2,0.1,2.1,44.00,4.4,93.00,0.7,15.00,2.0,42.00,0.2,5.00,0.2,5.00,0.1,1.1,0.5,0.9,0.2,-2.5,47.3,35.7,100.0,rodrigue-beaubois
1458,34,Jordan,Loyd,32,EFS,Anadolu Efes Istanbul,G,1,0.0,11.3,23.5,18,11.4,1.9,2.5,0.6,0.1,0.3,3.5,118.00,8.6,292.00,1.6,54.00,4.6,156.00,2.9,97.00,3.3,113.00,0.6,1.9,1.2,2.4,3.9,-2.3,40.4,34.6,85.8,jordan-loyd
1603,23,Erkan,Yilmaz,32,EFS,Anadolu Efes Istanbul,F,2,0.0,1.8,8.9,6,1.2,0.5,1.6,0.6,0.2,0.0,0.3,7.00,1.0,22.00,0.0,1.00,0.5,12.00,0.6,13.00,0.8,19.00,0.3,1.2,0.5,1.6,0.6,-1.0,31.8,8.3,68.4,erkan-yilmaz
1711,8,David,Mutaf,32,EFS,Anadolu Efes Istanbul,G,1,0.0,1.5,6.2,1,3.3,0.5,0.3,0.0,0.0,0.0,1.3,10.00,2.5,20.00,0.6,5.00,1.4,11.00,0.1,1.00,0.3,2.00,0.1,0.1,0.4,1.0,0.1,-3.3,50.0,45.5,50.0,david-mutaf
2060,26,Pj,Dozier,32,EFS,Anadolu Efes Istanbul,G,1,0.0,7.4,21.9,16,9.7,2.5,2.4,1.0,0.2,0.5,3.7,95.00,9.7,252.00,1.2,32.00,3.7,95.00,1.2,30.00,1.6,42.00,0.6,1.8,1.6,2.4,2.3,-4.6,37.7,33.7,71.4,pj-dozier
2100,36,Ercan,Osmani,32,EFS,Anadolu Efes Istanbul,F,2,0.0,11.8,24.4,34,10.9,1.3,4.6,0.5,0.2,0.3,4.1,148.00,7.9,285.00,1.0,37.00,2.5,91.00,1.6,58.00,2.1,74.00,1.2,3.4,2.0,2.4,2.8,-0.8,51.9,40.7,78.4,ercan-osmani
2560,27,Saben,Lee,32,EFS,Anadolu Efes Istanbul,G,1,0.0,8.3,16.8,3,8.0,2.4,1.1,0.7,0.0,0.3,2.6,69.00,5.7,154.00,0.6,16.00,2.0,54.00,2.3,63.00,3.1,83.00,0.2,0.9,1.2,1.3,2.5,-1.5,44.8,29.6,75.9,saben-lee
2659,36,Kai,Jones,32,EFS,Anadolu Efes Istanbul,C,3,0.0,7.7,15.5,3,3.6,0.5,3.5,0.5,1.3,0.0,1.6,58.00,1.8,63.00,0.0,0,0.0,0,0.4,14.00,0.6,21.00,1.1,2.4,0.5,1.7,0.5,-2.9,92.1,0.0,66.7,kai-jones
2674,30,Cole,Swider,32,EFS,Anadolu Efes Istanbul,F,2,0.0,4.2,9.0,3,5.3,0.3,1.1,0.2,0.0,0.1,1.7,52.00,3.4,102.00,1.3,38.00,2.6,79.00,0.6,18.00,0.6,19.00,0.2,0.9,0.2,1.3,0.4,-1.7,51.0,48.1,94.7,cole-swider
2675,17,Brice,Dessert,32,EFS,Anadolu Efes Istanbul,C,3,0.0,5.7,12.9,8,5.3,0.4,2.5,0.4,0.5,0.4,2.4,41.00,3.5,60.00,0.0,0,0.0,0,0.5,8.00,0.9,15.00,1.4,1.2,0.9,1.6,0.8,-3.4,68.3,0.0,53.3,brice-dessert
1268,31,Nikola,Mirotic,33,ASM,AS Monaco,F,2,0.0,13.5,19.0,8,11.0,1.4,4.3,0.7,0.3,0.2,3.5,109.00,7.4,228.00,1.5,46.00,3.8,117.00,2.5,78.00,3.1,95.00,1.0,3.3,0.7,2.4,2.6,4.0,47.8,39.3,82.1,nikola-mirotic
1280,40,Kevarrius,Hayes,33,ASM,AS Monaco,C,3,0.0,7.8,17.4,7,6.3,0.6,3.4,0.7,0.9,0.3,2.6,103.00,4.2,169.00,0.0,0,0.0,1.00,1.2,46.00,1.6,64.00,1.7,1.7,0.8,2.7,1.4,2.6,60.9,0.0,71.9,kevarrius-hayes
1412,35,Nemanja,Nedovic,33,ASM,AS Monaco,G,1,0.0,5.3,13.4,8,6.1,1.4,1.2,0.5,0.1,0.1,2.1,74.00,4.5,159.00,1.1,40.00,2.8,98.00,0.7,26.00,0.9,30.00,0.2,1.0,0.7,2.0,1.0,0.3,46.5,40.8,86.7,nemanja-nedovic
1450,39,Mike,James,33,ASM,AS Monaco,G,1,0.0,20.0,29.9,39,16.4,6.4,3.5,0.9,0.1,0.5,5.1,200.00,12.1,473.00,1.4,55.00,4.3,168.00,4.7,185.00,5.5,215.00,0.4,3.1,2.5,1.9,4.4,-0.3,42.3,32.7,86.0,mike-james
1452,43,Matthew,Strazel,33,ASM,AS Monaco,G,1,0.0,11.8,24.3,21,9.2,3.9,1.9,0.8,0.0,0.1,2.7,118.00,6.4,275.00,1.3,54.00,3.5,150.00,2.4,105.00,2.9,125.00,0.4,1.6,1.7,2.1,3.3,1.1,42.9,36.0,84.0,matthew-strazel
1455,42,Alpha,Diallo,33,ASM,AS Monaco,F,2,0.0,14.4,27.9,42,11.9,1.4,4.4,1.4,0.5,0.6,4.5,187.00,9.1,382.00,1.0,44.00,3.3,140.00,2.0,82.00,2.5,103.00,1.5,2.9,1.0,2.4,3.3,2.3,49.0,31.4,79.6,alpha-diallo
1457,43,Jaron,Blossomgame,33,ASM,AS Monaco,F,2,0.0,11.2,23.7,35,9.8,0.8,4.2,0.3,0.1,0.1,3.8,164.00,7.0,302.00,0.8,35.00,2.6,110.00,1.4,60.00,2.1,92.00,1.3,2.9,0.7,2.0,2.1,-1.2,54.3,31.8,65.2,jaron-blossomgame
1459,42,Elie,Okobo,33,ASM,AS Monaco,G,1,0.0,12.6,25.6,18,11.2,4.9,2.4,0.9,0.1,0.1,4.1,171.00,9.7,406.00,1.2,51.00,3.6,151.00,1.8,77.00,2.2,92.00,0.2,2.2,1.6,2.4,2.3,-0.7,42.1,33.8,83.7,elie-okobo
1648,23,Juhann,Begarin,33,ASM,AS Monaco,G,1,0.0,4.0,13.5,0,4.6,0.7,2.3,0.3,0.2,0.2,1.7,38.00,4.1,94.00,0.5,12.00,2.1,48.00,0.7,17.00,0.9,21.00,0.8,1.6,0.4,1.9,0.7,-2.0,40.4,25.0,81.0,juhann-begarin
2104,36,Terry,Tarpey,33,ASM,AS Monaco,G,1,0.0,3.5,7.7,1,2.0,0.4,1.8,0.4,0.1,0.0,0.8,28.00,1.4,49.00,0.3,11.00,0.7,24.00,0.1,5.00,0.2,8.00,0.7,1.1,0.2,0.9,0.4,1.4,57.1,45.8,62.5,terry-tarpey
2629,38,Daniel,Theis,33,ASM,AS Monaco,C,3,0.0,13.0,20.5,36,9.7,0.9,5.0,0.4,0.8,0.2,3.7,142.00,6.3,241.00,0.4,16.00,1.6,59.00,1.8,67.00,2.2,83.00,1.7,3.4,0.9,2.9,2.3,-0.4,58.9,27.1,80.7,daniel-theis
1206,36,Timothe,Luwawu-cabarrot,34,BKN,Baskonia Vitoria-Gasteiz,F,2,0.0,17.0,25.4,2,18.3,1.9,3.4,0.6,0.1,0.5,5.8,210.00,12.3,441.00,2.7,96.00,6.5,233.00,3.9,141.00,4.4,157.00,0.6,2.9,1.8,2.5,3.7,-2.7,47.6,41.2,89.8,timothe-luwawu-cabarrot
1254,13,Tadas,Sedekerskis,34,BKN,Baskonia Vitoria-Gasteiz,F,2,0.0,10.4,23.9,10,8.0,1.5,4.8,0.3,0.1,0.1,3.2,42.00,6.4,83.00,1.0,13.00,3.5,46.00,0.5,7.00,1.0,13.00,0.9,3.8,0.9,0.8,0.8,-3.9,50.6,28.3,53.8,tadas-sedekerskis
1426,23,Markus,Howard,34,BKN,Baskonia Vitoria-Gasteiz,G,1,0.0,7.1,20.6,15,10.4,2.1,1.6,0.4,0.0,0.3,3.6,83.00,9.0,207.00,2.3,52.00,6.5,149.00,0.9,21.00,1.1,26.00,0.3,1.3,1.2,2.3,1.9,-1.7,40.1,34.9,80.8,markus-howard
1710,28,Khalifa,Diop,34,BKN,Baskonia Vitoria-Gasteiz,C,3,0.0,6.4,16.7,23,4.0,0.6,4.2,0.5,0.6,0.1,1.7,47.00,2.4,68.00,0.0,0,0.0,0,0.6,18.00,1.1,32.00,1.9,2.3,0.9,2.7,1.2,-1.5,69.1,0.0,56.3,khalifa-diop
1740,37,Matteo,Spagnolo,34,BKN,Baskonia Vitoria-Gasteiz,G,1,0.0,6.6,15.5,1,5.4,1.9,1.7,0.5,0.1,0.2,1.9,71.00,4.1,150.00,0.4,14.00,1.1,41.00,1.2,44.00,1.5,56.00,0.3,1.4,0.8,1.2,1.5,-1.8,47.3,34.1,78.6,matteo-spagnolo
2192,4,Vit,Hrabar,34,BKN,Baskonia Vitoria-Gasteiz,F,2,0.0,0.0,2.6,0,0.5,0.0,0.5,0.0,0.0,0.0,0.3,1.00,0.8,3.00,0.0,0,0.3,1.00,0.0,0,0.0,0,0.5,0.0,0.0,0.5,0.0,-6.0,33.3,0.0,0.0,vit-hrabar
2490,27,Trent,Forrest,34,BKN,Baskonia Vitoria-Gasteiz,G,1,0.0,15.1,23.9,22,10.9,4.4,2.8,0.8,0.3,0.3,3.2,86.00,7.3,196.00,0.6,16.00,2.1,57.00,3.9,105.00,4.5,122.00,0.6,2.1,1.4,1.7,3.5,-3.2,43.9,28.1,86.1,trent-forrest
2654,11,Stefan,Joksimovic,34,BKN,Baskonia Vitoria-Gasteiz,F,2,0.0,-0.4,5.9,4,0.6,0.3,0.5,0.3,0.0,0.0,0.3,3.00,1.3,14.00,0.1,1.00,0.7,8.00,0.0,0,0.0,0,0.0,0.5,0.5,0.8,0.2,-2.4,21.4,12.5,0.0,stefan-joksimovic
2656,1,Juom Maker,Bol,34,BKN,Baskonia Vitoria-Gasteiz,C,3,0.0,2.0,2.6,0,3.0,0.0,1.0,0.0,0.0,0.0,1.0,1.00,3.0,3.00,1.0,1.00,1.0,1.00,0.0,0,0.0,0,0.0,1.0,0.0,0.0,0.0,6.0,33.3,100.0,0.0,juom-maker-bol
2663,27,Rafa,Villar,34,BKN,Baskonia Vitoria-Gasteiz,G,1,0.0,1.0,6.2,14,0.7,0.6,0.6,0.3,0.0,0.0,0.3,8.00,0.6,17.00,0.0,0,0.2,5.00,0.1,3.00,0.1,3.00,0.1,0.4,0.1,1.2,0.4,-1.0,47.1,0.0,100.0,rafa-villar
2671,37,Mamadi,Diakite,34,BKN,Baskonia Vitoria-Gasteiz,F,2,0.0,10.5,19.3,14,8.4,1.1,4.2,0.7,1.2,0.2,3.2,118.00,5.8,216.00,0.7,26.00,2.1,77.00,1.3,49.00,1.6,59.00,1.4,2.8,1.5,2.7,1.8,-0.9,54.6,33.8,83.1,mamadi-diakite
2672,37,Clement,Frisch,34,BKN,Baskonia Vitoria-Gasteiz,F,2,0.0,5.0,12.1,3,4.3,0.5,2.5,0.3,0.1,0.1,1.7,62.00,3.1,114.00,0.8,28.00,1.8,66.00,0.2,6.00,0.2,6.00,0.5,1.9,0.3,1.4,0.4,-0.3,54.4,42.4,100.0,clement-frisch
2673,26,Rodions,Kurucs,34,BKN,Baskonia Vitoria-Gasteiz,F,2,0.0,7.4,21.2,18,7.5,1.5,3.7,0.9,0.0,0.4,2.8,73.00,6.0,156.00,0.9,24.00,2.4,62.00,0.9,24.00,1.4,36.00,1.5,2.2,1.6,2.7,1.8,-2.3,46.8,38.7,66.7,rodions-kurucs
2853,28,Markquis,Nowell,34,BKN,Baskonia Vitoria-Gasteiz,G,1,0.0,6.2,14.4,3,5.7,3.0,1.1,0.6,0.0,0.3,1.9,54.00,4.7,132.00,0.9,26.00,3.0,85.00,0.9,25.00,1.1,31.00,0.2,0.9,1.0,1.9,1.7,-1.2,40.9,30.6,80.6,markquis-nowell
2995,31,Kobi,Simmons,34,BKN,Baskonia Vitoria-Gasteiz,G,1,0.0,11.3,22.2,17,11.1,3.0,1.3,0.7,0.1,0.2,3.9,122.00,7.9,246.00,0.9,29.00,3.3,101.00,2.3,70.00,2.5,77.00,0.2,1.1,1.5,2.3,2.8,-3.6,49.6,28.7,90.9,kobi-simmons
3026,25,Gytis,Radzevicius,34,BKN,Baskonia Vitoria-Gasteiz,G,1,0.0,5.4,17.7,24,4.7,0.6,2.4,0.3,0.1,0.0,1.8,46.00,3.6,91.00,0.6,14.00,1.6,40.00,0.5,12.00,0.6,14.00,0.9,1.5,0.3,1.6,0.8,-1.7,50.5,35.0,85.7,gytis-radzevicius
3033,23,Eugene,Omoruyi,34,BKN,Baskonia Vitoria-Gasteiz,C,3,0.0,11.4,20.2,8,10.7,1.9,3.7,0.6,0.2,0.5,3.3,75.00,7.6,175.00,0.9,21.00,2.9,66.00,3.3,75.00,4.2,96.00,1.5,2.2,2.0,2.0,3.7,-4.9,42.9,31.8,78.1,eugene-omoruyi
1195,35,Chima,Moneke,35,CZV,Crvena Zvezda Meridianbet Belgrade,F,2,0.0,19.6,26.9,35,13.9,2.0,6.5,1.0,0.4,0.4,4.5,156.00,8.0,280.00,0.7,23.00,1.9,67.00,4.3,151.00,5.6,195.00,1.7,4.8,1.8,2.6,4.3,1.8,55.7,34.3,77.4,chima-moneke
1269,39,Nikola,Kalinic,35,CZV,Crvena Zvezda Meridianbet Belgrade,F,2,0.0,6.7,23.2,25,5.8,1.8,3.5,0.5,0.3,0.2,2.0,79.00,4.5,176.00,0.9,36.00,2.3,90.00,0.8,33.00,1.3,49.00,1.1,2.4,1.5,2.6,1.6,-0.3,44.9,40.0,67.3,nikola-kalinic
1284,39,Semi,Ojeleye,35,CZV,Crvena Zvezda Meridianbet Belgrade,F,2,0.0,8.4,22.9,2,7.2,0.8,3.6,0.5,0.4,0.3,2.5,97.00,5.3,208.00,0.7,29.00,2.1,81.00,1.5,59.00,2.0,78.00,1.7,1.8,0.7,1.9,1.7,1.3,46.6,35.8,75.6,semi-ojeleye
1300,9,Jasiel,Rivero,35,CZV,Crvena Zvezda Meridianbet Belgrade,C,3,0.0,4.4,9.8,6,4.8,0.1,1.7,0.1,0.0,0.1,1.9,17.00,3.1,28.00,0.0,0,0.0,0,1.0,9.00,1.4,13.00,0.7,1.0,0.3,1.2,1.0,-0.8,60.7,0.0,69.2,jasiel-rivero
1335,15,Joel,Bolomboy,35,CZV,Crvena Zvezda Meridianbet Belgrade,C,3,0.0,8.0,14.5,7,5.5,0.3,4.5,0.4,0.5,0.5,2.3,35.00,3.9,59.00,0.2,3.00,0.3,5.00,0.6,9.00,0.9,13.00,2.0,2.5,1.1,1.5,1.4,-2.0,59.3,60.0,69.2,joel-bolomboy
1413,25,Ognjen,Dobric,35,CZV,Crvena Zvezda Meridianbet Belgrade,F,2,0.0,4.9,12.5,9,5.0,0.3,1.8,0.4,0.0,0.1,1.8,44.00,3.9,97.00,1.1,28.00,2.5,62.00,0.3,8.00,0.3,8.00,0.8,1.0,0.2,1.3,0.8,1.4,45.4,45.2,100.0,ognjen-dobric
1454,27,Donatas,Motiejunas,35,CZV,Crvena Zvezda Meridianbet Belgrade,C,3,0.0,7.8,12.6,25,6.1,0.8,1.8,0.3,0.0,0.1,2.3,62.00,3.9,104.00,0.2,5.00,0.5,14.00,1.4,37.00,2.3,62.00,0.8,1.0,0.7,1.1,2.8,-0.3,59.6,35.7,59.7,donatas-motiejunas
1526,25,Yago,Dos Santos,35,CZV,Crvena Zvezda Meridianbet Belgrade,G,1,0.0,1.6,10.8,0,2.6,2.2,0.8,0.2,0.0,0.1,0.8,19.00,3.2,81.00,0.4,11.00,2.1,53.00,0.6,16.00,0.7,18.00,0.2,0.6,1.2,1.4,0.9,-0.6,23.5,20.8,88.9,yago-dos-santos
2099,21,Dejan,Davidovac,35,CZV,Crvena Zvezda Meridianbet Belgrade,F,2,0.0,3.7,14.2,2,2.6,0.4,2.1,0.4,0.1,0.0,1.0,21.00,1.8,38.00,0.2,5.00,0.6,12.00,0.4,8.00,0.5,11.00,0.8,1.3,0.2,1.7,0.7,1.9,55.3,41.7,72.7,dejan-davidovac
2102,39,Codi,Miller-mcintyre,35,CZV,Crvena Zvezda Meridianbet Belgrade,G,1,0.0,15.9,30.9,39,12.6,7.4,4.5,1.0,0.1,0.6,4.8,186.00,11.1,433.00,1.8,69.00,5.4,209.00,1.3,49.00,2.1,81.00,0.8,3.6,2.8,2.5,2.7,1.2,43.0,33.0,60.5,codi-miller-mcintyre
2496,34,Jordan,Nwora,35,CZV,Crvena Zvezda Meridianbet Belgrade,F,2,0.0,16.8,27.1,29,16.9,1.6,4.4,1.1,0.3,0.3,6.0,203.00,12.7,431.00,1.8,62.00,5.1,174.00,3.2,108.00,3.9,134.00,0.7,3.7,2.2,1.9,3.5,-0.8,47.1,35.6,80.6,jordan-nwora
2652,1,Ognjen,Radosic,35,CZV,Crvena Zvezda Meridianbet Belgrade,G,1,0.0,0.0,0.9,0,0.0,0.0,0.0,0.0,0.0,0.0,0.0,0,0.0,0,0.0,0,0.0,0,0.0,0,0.0,0,0.0,0.0,0.0,0.0,0.0,-10.0,0.0,0.0,0.0,ognjen-radosic
2660,13,Stefan,Miljenovic,35,CZV,Crvena Zvezda Meridianbet Belgrade,G,1,0.0,2.4,6.9,5,2.2,0.7,0.8,0.2,0.1,0.2,0.5,6.00,1.5,19.00,0.2,3.00,0.8,10.00,1.1,14.00,1.3,17.00,0.1,0.7,0.3,1.3,1.2,0.3,31.6,30.0,82.4,stefan-miljenovic
2668,33,Ebuka,Izundu,35,CZV,Crvena Zvezda Meridianbet Belgrade,C,3,0.0,11.0,14.4,1,8.0,0.4,4.2,0.4,0.5,0.1,3.2,107.00,4.5,150.00,0.0,0,0.0,0,1.5,49.00,1.9,64.00,2.4,1.8,0.6,2.6,1.8,1.4,71.3,0.0,76.6,ebuka-izundu
2669,11,Tyson,Carter,35,CZV,Crvena Zvezda Meridianbet Belgrade,G,1,0.0,2.2,14.7,6,4.9,1.5,1.4,0.4,0.0,0.1,1.8,20.00,5.5,60.00,0.8,9.00,2.6,29.00,0.5,5.00,0.5,5.00,0.5,0.9,1.2,1.9,0.7,-0.2,33.3,31.0,100.0,tyson-carter
2998,32,Jared,Butler,35,CZV,Crvena Zvezda Meridianbet Belgrade,G,1,0.0,11.4,20.0,4,13.4,3.7,2.2,0.7,0.1,0.4,4.8,155.00,11.0,352.00,2.0,63.00,5.4,173.00,1.8,56.00,2.2,69.00,0.6,1.6,1.9,2.6,2.3,2.3,44.0,36.4,81.2,jared-butler
1231,12,Lorenzo,Brown,36,EA7,EA7 Emporio Armani Milan,G,1,0.0,7.1,14.5,4,5.8,2.7,1.6,0.9,0.1,0.2,2.4,29.00,5.3,64.00,0.6,7.00,1.7,20.00,0.4,5.00,0.4,5.00,0.3,1.3,1.3,1.3,1.5,0.7,45.3,35.0,100.0,lorenzo-brown
1246,26,Josh,Nebo,36,EA7,EA7 Emporio Armani Milan,C,3,0.0,14.3,21.5,14,10.2,0.5,5.5,0.3,0.8,0.4,3.8,98.00,5.6,145.00,0.0,0,0.0,1.00,2.7,69.00,4.0,104.00,2.2,3.3,1.1,1.8,2.9,1.3,67.6,0.0,66.3,josh-nebo
1292,22,Niccolo,Mannion,36,EA7,EA7 Emporio Armani Milan,G,1,0.0,3.5,11.5,3,4.2,2.0,0.6,0.1,0.0,0.1,1.6,36.00,4.2,92.00,0.7,16.00,2.0,44.00,0.2,5.00,0.4,9.00,0.0,0.6,1.1,1.2,1.3,-0.8,39.1,36.4,55.6,niccolo-mannion
1330,30,Zach,Leday,36,EA7,EA7 Emporio Armani Milan,F,2,0.0,15.9,24.6,30,13.1,0.9,4.2,0.5,0.3,0.2,4.2,127.00,8.4,251.00,1.7,51.00,3.4,103.00,3.0,89.00,3.6,108.00,0.8,3.3,0.9,1.6,3.6,-2.1,50.6,49.5,82.4,zach-leday
1355,36,Devin,Booker,36,EA7,EA7 Emporio Armani Milan,C,3,0.0,10.0,20.0,23,8.2,0.9,3.5,0.3,0.1,0.3,3.0,107.00,6.0,215.00,0.4,16.00,1.6,56.00,1.8,66.00,2.4,87.00,1.5,2.1,0.9,1.9,3.1,-1.9,49.8,28.6,75.9,devin-booker
1357,35,Marko,Guduric,36,EA7,EA7 Emporio Armani Milan,G,1,0.0,11.7,22.0,10,9.9,3.7,2.7,0.5,0.0,0.2,3.0,105.00,6.3,222.00,1.3,46.00,3.4,120.00,2.6,92.00,2.9,102.00,0.3,2.3,2.2,2.5,2.9,-1.7,47.3,38.3,90.2,marko-guduric
1380,17,Bryant,Dunston,36,EA7,EA7 Emporio Armani Milan,C,3,0.0,4.9,10.9,1,2.9,0.4,2.1,0.3,0.7,0.1,0.9,16.00,1.5,26.00,0.0,0,0.1,1.00,1.0,17.00,1.4,23.00,0.9,1.2,0.2,1.6,1.1,0.6,61.5,0.0,73.9,bryant-dunston
1396,35,Shavon,Shields,36,EA7,EA7 Emporio Armani Milan,F,2,0.0,13.4,26.9,35,12.7,2.7,3.2,0.7,0.1,0.3,4.3,149.00,9.6,337.00,1.9,67.00,5.1,179.00,2.2,78.00,2.5,89.00,0.7,2.5,1.4,2.0,2.8,-2.0,44.2,37.4,87.6,shavon-shields
1399,38,Giampaolo,Ricci,36,EA7,EA7 Emporio Armani Milan,F,2,0.0,4.6,16.4,8,4.5,0.6,2.7,0.5,0.2,0.0,1.7,64.00,3.5,134.00,1.1,40.00,2.5,95.00,0.1,3.00,0.1,4.00,0.8,1.8,0.2,2.3,0.3,0.5,47.8,42.1,75.0,giampaolo-ricci
1402,10,Stefano,Tonut,36,EA7,EA7 Emporio Armani Milan,G,1,0.0,1.6,9.0,0,0.9,0.5,0.9,0.5,0.0,0.0,0.3,3.00,0.8,8.00,0.0,0,0.4,4.00,0.3,3.00,0.4,4.00,0.2,0.7,0.1,1.2,0.5,-2.2,37.5,0.0,75.0,stefano-tonut
1600,13,Nathan,Sestina,36,EA7,EA7 Emporio Armani Milan,F,2,0.0,1.7,8.5,1,2.8,0.5,1.2,0.3,0.0,0.0,1.2,15.00,3.3,43.00,0.4,5.00,2.2,29.00,0.2,2.00,0.2,2.00,0.4,0.8,0.0,1.2,0.2,-0.5,34.9,17.2,100.0,nathan-sestina
1737,7,Diego,Flaccadori,36,EA7,EA7 Emporio Armani Milan,G,1,0.0,1.0,5.9,0,2.0,0.4,0.3,0.1,0.0,0.0,0.6,4.00,1.0,7.00,0.3,2.00,0.6,4.00,0.6,4.00,1.0,7.00,0.0,0.3,0.7,1.0,0.6,-0.7,57.1,50.0,57.1,diego-flaccadori
2022,36,Quinn,Ellis,36,EA7,EA7 Emporio Armani Milan,G,1,0.0,11.8,25.4,31,8.2,4.5,2.9,0.8,0.1,0.2,3.0,107.00,6.1,218.00,0.6,23.00,1.7,61.00,1.6,59.00,2.0,72.00,0.9,2.0,1.7,2.3,2.4,-0.8,49.1,37.7,81.9,quinn-ellis
2080,29,Leandro,Bolmaro,36,EA7,EA7 Emporio Armani Milan,G,1,0.0,11.2,22.6,18,9.8,2.9,3.4,0.7,0.1,0.4,3.6,104.00,7.7,222.00,0.7,19.00,1.7,48.00,2.0,58.00,2.5,72.00,0.9,2.5,1.4,2.4,2.6,1.0,46.8,39.6,80.6,leandro-bolmaro
2534,2,Ousmane,Diop,36,EA7,EA7 Emporio Armani Milan,F,2,0.0,3.3,6.7,0,1.0,0.5,1.0,0.0,0.5,0.0,0.0,0,0.5,1.00,0.0,0,0.0,0,1.0,2.00,1.0,2.00,0.0,1.0,0.0,0.5,1.0,-3.5,0.0,0.0,100.0,ousmane-diop
2535,38,Armoni,Brooks,36,EA7,EA7 Emporio Armani Milan,G,1,0.0,11.1,22.6,13,13.1,1.4,3.5,0.6,0.3,0.4,4.6,176.00,10.2,389.00,2.7,102.00,6.4,245.00,1.1,42.00,1.3,51.00,0.7,2.8,0.9,2.4,1.3,0.3,45.2,41.6,82.4,armoni-brooks
1213,34,Tornike,Shengelia,37,BAR,FC Barcelona,F,2,0.0,16.3,24.9,29,12.4,2.6,4.6,0.8,0.3,0.5,4.5,152.00,8.3,283.00,0.7,23.00,1.9,63.00,2.8,95.00,3.4,116.00,1.5,3.1,1.9,2.9,4.2,4.4,53.7,36.5,81.9,tornike-shengelia
1228,38,Jan,Vesely,37,BAR,FC Barcelona,C,3,0.0,9.9,21.2,24,8.7,1.4,3.3,0.9,0.2,0.1,3.8,144.00,7.0,265.00,0.3,10.00,0.9,34.00,0.9,34.00,1.2,44.00,1.3,2.1,0.8,2.3,1.5,1.8,54.3,29.4,77.3,jan-vesely
1331,39,Kevin,Punter,37,BAR,FC Barcelona,G,1,0.0,14.2,27.2,39,14.8,2.6,1.8,1.0,0.0,0.4,5.0,194.00,10.9,425.00,2.0,79.00,4.9,191.00,2.8,110.00,3.3,127.00,0.4,1.4,1.7,1.7,3.3,0.9,45.6,41.4,86.6,kevin-punter
1374,20,Nicolas,Laprovittola,37,BAR,FC Barcelona,G,1,0.0,7.7,16.8,2,8.0,3.9,1.1,0.7,0.0,0.3,2.7,53.00,6.3,125.00,1.6,31.00,4.4,88.00,1.2,23.00,1.3,25.00,0.2,1.0,2.1,2.4,2.0,-0.8,42.4,35.2,92.0,nicolas-laprovittola
1375,37,Tomas,Satoransky,37,BAR,FC Barcelona,G,1,0.0,11.7,24.9,34,7.0,4.3,3.4,0.7,0.1,0.2,2.4,90.00,4.9,183.00,1.2,46.00,2.5,94.00,0.9,33.00,1.2,45.00,0.8,2.5,1.4,1.9,1.8,2.8,49.2,48.9,73.3,tomas-satoransky
1387,33,Will,Clyburn,37,BAR,FC Barcelona,F,2,0.0,15.7,25.6,29,13.8,1.6,4.2,1.1,0.2,0.1,4.7,156.00,10.2,337.00,2.0,65.00,5.1,168.00,2.3,77.00,3.2,106.00,0.9,3.2,1.8,1.8,3.9,-0.4,46.3,38.7,72.6,will-clyburn
1443,18,Youssoupha,Fall,37,BAR,FC Barcelona,C,3,0.0,5.0,7.5,0,2.9,0.2,2.2,0.1,0.2,0.1,1.2,22.00,1.8,32.00,0.0,0,0.0,0,0.4,8.00,0.7,13.00,0.8,1.4,0.2,0.8,1.1,2.0,68.8,0.0,61.5,youssoupha-fall
1568,1,Juan,Nunez,37,BAR,FC Barcelona,G,1,0.0,-2.0,5.3,0,0.0,1.0,0.0,0.0,0.0,1.0,0.0,0,2.0,2.00,0.0,0,0.0,0,0.0,0,0.0,0,0.0,0.0,1.0,0.0,1.0,1.0,0.0,0.0,0.0,juan-nunez
1699,40,Joel,Parra,37,BAR,FC Barcelona,F,2,0.0,7.3,18.7,6,5.6,1.0,3.4,0.5,0.1,0.2,2.1,85.00,4.4,175.00,0.5,20.00,1.7,68.00,0.9,34.00,1.1,43.00,1.2,2.2,0.6,1.7,1.1,-1.5,48.6,29.4,79.1,joel-parra
2113,39,Willy,Hernangomez,37,BAR,FC Barcelona,C,3,0.0,7.5,13.5,13,5.6,0.5,3.8,0.3,0.4,0.3,1.9,75.00,3.8,147.00,0.0,1.00,0.1,4.00,1.7,67.00,2.6,102.00,1.4,2.4,1.0,2.0,2.5,-1.3,51.0,25.0,65.7,willy-hernangomez
2114,38,Dario,Brizuela,37,BAR,FC Barcelona,G,1,0.0,6.3,15.5,1,8.9,1.4,1.1,0.6,0.0,0.2,3.4,131.00,7.6,290.00,1.4,52.00,3.9,148.00,0.7,26.00,0.8,30.00,0.2,0.9,0.9,1.9,1.1,-0.6,45.2,35.1,86.7,dario-brizuela
2340,34,Myles,Cale,37,BAR,FC Barcelona,F,2,0.0,3.4,15.2,8,3.3,0.7,1.9,0.5,0.1,0.1,1.2,41.00,3.1,104.00,0.5,16.00,1.6,55.00,0.4,13.00,0.5,17.00,0.8,1.1,0.3,1.8,0.9,0.3,39.4,29.1,76.5,myles-cale
2524,6,Sayon,Keita,37,BAR,FC Barcelona,C,3,0.0,2.8,8.6,3,2.5,0.2,1.5,0.5,0.2,0.2,1.2,7.00,2.0,12.00,0.0,0,0.0,0,0.2,1.00,0.3,2.00,0.7,0.8,0.7,1.2,0.7,-1.2,58.3,0.0,50.0,sayon-keita
2861,1,Nikola,Kusturica,37,BAR,FC Barcelona,F,2,0.0,-1.8,1.1,0,0.0,0.0,0.0,0.0,0.0,1.0,0.0,0,1.0,1.00,0.0,0,0.0,0,0.0,0,0.0,0,0.0,0.0,0.0,0.0,0.0,-4.0,0.0,0.0,0.0,nikola-kusturica
2869,36,Miles,Norris,37,BAR,FC Barcelona,F,2,0.0,4.9,12.4,10,4.0,0.3,2.6,0.5,0.3,0.2,1.5,55.00,3.2,116.00,0.8,27.00,2.0,71.00,0.2,8.00,0.3,9.00,0.8,1.8,0.3,1.1,0.2,-1.6,47.4,38.0,88.9,miles-norris
2870,31,Juani,Marcos,37,BAR,FC Barcelona,G,1,0.0,1.5,8.6,2,2.0,1.3,0.9,0.4,0.0,0.0,0.7,23.00,2.3,71.00,0.5,16.00,1.6,50.00,0.0,0,0.0,0,0.3,0.6,0.6,1.2,0.3,-0.3,32.4,32.0,0.0,juani-marcos
1209,32,Niels,Giffey,38,BAY,FC Bayern Munich,F,2,0.0,3.8,13.2,2,4.6,0.8,1.4,0.4,0.0,0.1,1.6,52.00,3.6,115.00,0.6,19.00,1.7,55.00,0.7,23.00,0.8,27.00,0.6,0.8,0.5,1.6,0.8,-1.6,45.2,34.5,85.2,niels-giffey
1379,35,Oscar,Da Silva,38,BAY,FC Bayern Munich,F,2,0.0,8.1,15.9,17,6.2,0.9,3.6,0.5,0.3,0.5,2.6,90.00,4.3,151.00,0.1,3.00,0.5,16.00,0.9,33.00,1.0,36.00,1.7,1.9,0.8,1.7,1.0,1.1,59.6,18.8,91.7,oscar-da-silva
1393,23,Johannes,Voigtmann,38,BAY,FC Bayern Munich,C,3,0.0,6.5,13.0,8,3.7,1.7,3.3,0.3,0.2,0.0,1.4,32.00,3.1,72.00,0.7,15.00,1.8,41.00,0.3,6.00,0.3,8.00,0.7,2.7,0.9,1.1,0.8,0.2,44.4,36.6,75.0,johannes-voigtmann
1432,35,Andreas,Obst,38,BAY,FC Bayern Munich,G,1,0.0,12.8,26.6,24,14.5,2.0,2.1,0.4,0.1,0.4,4.7,166.00,11.4,400.00,2.9,101.00,7.6,267.00,2.2,76.00,2.4,85.00,0.3,1.8,1.5,1.0,2.8,-1.5,41.5,37.8,89.4,andreas-obst
1433,33,Vladimir,Lucic,38,BAY,FC Bayern Munich,F,2,0.0,11.2,23.2,33,8.0,1.5,3.8,0.5,0.1,0.2,2.6,86.00,5.5,183.00,0.8,27.00,2.4,78.00,2.0,66.00,2.3,76.00,0.8,3.0,0.8,1.9,3.0,-3.5,47.0,34.6,86.8,vladimir-lucic
1688,37,Isiaha,Mike,38,BAY,FC Bayern Munich,F,2,0.0,9.7,22.4,25,9.6,1.5,3.9,0.8,0.4,0.2,3.7,137.00,8.0,295.00,1.4,51.00,3.3,122.00,0.8,29.00,1.1,40.00,0.9,3.0,1.1,2.9,1.9,-2.2,46.4,41.8,72.5,isiaha-mike
1993,9,Leon,Kratzer,38,BAY,FC Bayern Munich,C,3,0.0,-0.3,6.4,5,0.4,0.4,1.1,0.1,0.0,0.0,0.2,2.00,0.3,3.00,0.0,0,0.0,0,0.0,0,0.0,0,0.2,0.9,0.6,2.1,0.2,-2.9,66.7,0.0,0.0,leon-kratzer
2017,9,Kamar,Baldwin,38,BAY,FC Bayern Munich,G,1,0.0,5.9,16.3,2,6.7,2.4,1.9,0.9,0.0,0.3,2.4,22.00,6.4,58.00,0.7,6.00,2.4,22.00,1.1,10.00,1.2,11.00,0.3,1.6,1.1,2.1,1.3,-0.2,37.9,27.3,90.9,kamar-baldwin
2106,26,Justus,Hollatz,38,BAY,FC Bayern Munich,G,1,0.0,4.9,16.7,17,3.0,2.8,2.2,0.9,0.0,0.1,1.0,26.00,2.4,62.00,0.5,14.00,1.2,31.00,0.4,11.00,0.6,15.00,0.7,1.5,1.0,2.2,0.7,-3.0,41.9,45.2,73.3,justus-hollatz
2115,19,Stefan,Jovic,38,BAY,FC Bayern Munich,G,1,0.0,8.0,18.5,11,5.3,4.3,1.8,1.1,0.0,0.3,2.1,40.00,4.2,80.00,0.6,11.00,1.5,29.00,0.5,9.00,0.6,12.00,0.4,1.5,1.7,2.1,1.4,-1.8,50.0,37.9,75.0,stefan-jovic
2303,37,Justinian,Jessup,38,BAY,FC Bayern Munich,F,2,0.0,8.3,19.3,3,8.2,1.4,2.4,0.8,0.2,0.1,3.0,111.00,6.2,231.00,1.4,52.00,3.7,137.00,0.8,30.00,0.8,31.00,0.6,1.8,0.6,1.8,0.7,1.7,48.1,38.0,96.8,justinian-jessup
2516,32,Xavier,Rathan-mayes,38,BAY,FC Bayern Munich,G,1,0.0,5.0,15.2,8,7.3,1.8,1.7,0.4,0.1,0.3,2.6,83.00,7.5,240.00,1.0,33.00,4.0,129.00,1.1,34.00,1.5,48.00,0.3,1.4,1.1,1.7,1.9,-4.1,34.6,25.6,70.8,xavier-rathan-mayes
2530,36,Wenyen,Gabriel,38,BAY,FC Bayern Munich,C,3,0.0,6.1,16.9,7,6.1,0.8,3.6,0.6,0.7,0.5,2.7,98.00,4.9,178.00,0.1,2.00,0.3,11.00,0.6,22.00,1.4,49.00,1.8,1.8,1.5,2.8,1.7,-2.8,55.1,18.2,44.9,wenyen-gabriel
2533,28,David,Mccormack,38,BAY,FC Bayern Munich,C,3,0.0,8.1,15.5,15,6.9,0.8,3.2,0.8,0.2,0.1,2.8,79.00,4.8,133.00,0.0,0,0.1,3.00,1.2,34.00,1.7,48.00,1.0,2.1,1.3,2.6,2.2,-0.5,59.4,0.0,70.8,david-mccormack
2536,16,Neno,Dimitrijevic,38,BAY,FC Bayern Munich,G,1,0.0,14.8,20.9,4,11.0,4.1,2.3,0.8,0.1,0.1,3.7,59.00,7.2,115.00,1.0,16.00,2.3,36.00,2.6,42.00,3.2,51.00,0.3,2.0,2.6,1.4,3.8,1.6,51.3,44.4,82.4,neno-dimitrijevic
1346,40,Bonzie,Colson,39,FBB,Fenerbahce Beko Istanbul,F,2,0.0,9.2,16.9,14,7.1,0.8,3.0,0.6,0.4,0.1,2.4,95.00,4.9,194.00,1.2,49.00,2.5,101.00,1.1,44.00,1.2,49.00,0.8,2.2,0.5,1.2,1.3,0.2,49.0,48.5,89.8,bonzie-colson
1354,42,Wade,Baldwin Iv,39,FBB,Fenerbahce Beko Istanbul,G,1,0.0,17.4,25.8,7,14.0,5.5,3.2,0.7,0.4,0.3,5.0,211.00,11.0,463.00,0.9,39.00,3.2,133.00,3.0,128.00,3.9,163.00,0.7,2.5,2.3,1.6,3.7,0.9,45.6,29.3,78.5,wade-baldwin-iv
1359,41,Tarik,Biberovic,39,FBB,Fenerbahce Beko Istanbul,F,2,0.0,9.0,24.3,36,11.3,1.3,3.0,0.4,0.1,0.2,4.0,166.00,8.8,360.00,2.2,91.00,5.3,217.00,1.0,40.00,1.0,42.00,0.6,2.4,1.3,2.1,0.7,1.5,46.1,41.9,95.2,tarik-biberovic
1362,7,Melih,Mahmutoglu,39,FBB,Fenerbahce Beko Istanbul,G,1,0.0,0.3,6.0,1,2.1,0.1,0.4,0.0,0.0,0.1,0.7,5.00,2.4,17.00,0.6,4.00,1.9,13.00,0.1,1.00,0.1,1.00,0.1,0.3,0.3,0.4,0.0,-4.1,29.4,30.8,100.0,melih-mahmutoglu
1366,24,Metecan,Birsen,39,FBB,Fenerbahce Beko Istanbul,F,2,0.0,2.9,11.2,3,2.4,0.3,2.2,0.3,0.1,0.0,0.7,17.00,1.8,44.00,0.3,7.00,0.8,20.00,0.7,16.00,0.8,19.00,0.6,1.5,0.5,1.6,0.8,-1.0,38.6,35.0,84.2,metecan-birsen
1398,35,Devon,Hall,39,FBB,Fenerbahce Beko Istanbul,G,1,0.0,9.0,25.3,34,8.3,2.6,2.9,0.5,0.1,0.1,2.9,100.00,6.8,238.00,0.9,32.00,3.1,110.00,1.7,60.00,2.0,71.00,1.1,1.8,1.9,2.3,2.7,-0.9,42.0,29.1,84.5,devon-hall
1401,35,Nicolo,Melli,39,FBB,Fenerbahce Beko Istanbul,C,3,0.0,11.0,23.7,26,7.2,1.6,5.6,0.8,0.5,0.1,2.7,95.00,5.7,201.00,1.3,45.00,3.1,107.00,0.5,16.00,0.8,29.00,1.5,4.2,1.3,2.7,2.1,3.1,47.3,42.1,55.2,nicolo-melli
1442,30,Nando,De Colo,39,FBB,Fenerbahce Beko Istanbul,G,1,0.0,14.0,18.8,8,11.5,3.4,1.7,0.6,0.0,0.2,3.4,103.00,6.5,195.00,1.5,44.00,3.4,102.00,3.1,94.00,3.2,96.00,0.2,1.5,2.0,1.8,3.3,2.8,52.8,43.1,97.9,nando-de-colo
1642,29,Onuralp,Bitim,39,FBB,Fenerbahce Beko Istanbul,F,2,0.0,2.6,10.6,0,2.7,0.3,1.3,0.4,0.2,0.0,1.0,29.00,2.0,58.00,0.4,12.00,1.1,33.00,0.2,7.00,0.4,13.00,0.2,1.1,0.4,1.5,0.7,0.4,50.0,36.4,53.8,onuralp-bitim
1928,5,Arturs,Zagars,39,FBB,Fenerbahce Beko Istanbul,G,1,0.0,4.5,11.3,0,3.4,1.6,0.2,0.6,0.0,0.2,0.8,4.00,2.2,11.00,0.2,1.00,0.8,4.00,1.6,8.00,2.0,10.00,0.0,0.2,1.0,0.8,2.2,0.6,36.4,25.0,80.0,arturs-zagars
1991,36,Mikael,Jantunen,39,FBB,Fenerbahce Beko Istanbul,F,2,0.0,5.4,18.6,14,5.3,0.7,3.2,0.4,0.2,0.1,1.6,57.00,4.1,148.00,0.8,29.00,2.5,90.00,1.3,46.00,1.5,53.00,1.1,2.1,0.7,3.1,1.9,1.5,38.5,32.2,86.8,mikael-jantunen
2486,43,Khem,Birch,39,FBB,Fenerbahce Beko Istanbul,C,3,0.0,5.3,16.5,40,3.9,0.4,4.0,0.3,0.4,0.1,1.4,61.00,2.3,97.00,0.0,0,0.0,0,1.0,44.00,1.5,65.00,1.5,2.5,1.0,3.1,1.5,-0.3,62.9,0.0,67.7,khem-birch
2677,28,Brandon,Boston Jr.,39,FBB,Fenerbahce Beko Istanbul,G,1,0.0,4.2,11.8,2,4.8,0.3,1.6,0.5,0.2,0.2,1.8,50.00,3.9,110.00,0.5,15.00,1.6,46.00,0.7,20.00,0.9,26.00,0.7,0.9,0.4,1.3,0.7,0.7,45.5,32.6,76.9,brandon-boston-jr
2678,26,Armando,Bacot Jr.,39,FBB,Fenerbahce Beko Istanbul,C,3,0.0,1.6,10.1,2,2.4,0.6,1.8,0.3,0.3,0.3,0.8,22.00,2.1,55.00,0.2,5.00,0.6,16.00,0.5,13.00,0.6,16.00,0.8,1.0,1.0,2.0,0.7,-1.5,40.0,31.3,81.3,armando-bacot-jr
2856,41,Talen,Horton Tucker,39,FBB,Fenerbahce Beko Istanbul,G,1,0.0,15.5,23.8,33,15.7,2.2,3.8,0.7,0.5,0.5,5.7,233.00,11.9,489.00,1.0,40.00,3.7,151.00,3.3,137.00,4.4,181.00,1.1,2.7,2.1,2.4,4.1,1.9,47.6,26.5,75.7,talen-horton-tucker
3045,16,Chris,Silva,39,FBB,Fenerbahce Beko Istanbul,C,3,0.0,4.5,8.7,0,4.4,0.4,1.7,0.3,0.1,0.1,1.7,27.00,2.8,44.00,0.0,0,0.0,0,1.0,16.00,1.1,18.00,0.8,0.9,0.9,1.9,1.5,-1.7,61.4,0.0,88.9,chris-silva
1440,33,David,Lighty,40,ASV,LDLC ASVEL Villeurbanne,F,2,0.0,4.1,18.6,15,4.2,1.2,1.9,0.4,0.1,0.1,1.6,53.00,3.9,128.00,0.6,21.00,1.9,64.00,0.4,13.00,0.5,18.00,0.8,1.1,0.5,1.7,1.0,-5.9,41.4,32.8,72.2,david-lighty
1986,34,Bodian,Massa,40,ASV,LDLC ASVEL Villeurbanne,C,3,0.0,4.5,15.9,14,4.4,0.6,3.8,0.4,0.4,0.1,2.0,67.00,4.0,135.00,0.0,1.00,0.1,2.00,0.4,13.00,0.7,24.00,1.4,2.4,1.2,2.9,1.4,-2.8,49.6,50.0,54.2,bodian-massa
2028,14,Braian,Angola,40,ASV,LDLC ASVEL Villeurbanne,F,2,0.0,17.9,24.2,13,15.4,3.8,2.8,0.9,0.0,0.6,4.1,57.00,9.4,132.00,1.6,22.00,4.7,66.00,5.6,79.00,6.6,92.00,0.3,2.5,1.8,2.1,5.6,-1.6,43.2,33.3,85.9,braian-angola
2070,31,Mbaye,Ndiaye,40,ASV,LDLC ASVEL Villeurbanne,C,3,0.0,10.2,23.6,10,7.4,1.3,4.7,1.1,1.4,0.1,2.9,91.00,5.9,183.00,0.4,12.00,2.2,68.00,1.2,36.00,2.1,64.00,1.7,3.1,1.4,2.2,1.5,-3.2,49.7,17.6,56.3,mbaye-ndiaye
2072,21,Edwin,Jackson,40,ASV,LDLC ASVEL Villeurbanne,F,2,0.0,4.4,15.7,6,6.5,1.3,1.0,0.0,0.0,0.1,2.3,49.00,5.8,121.00,1.2,25.00,2.9,61.00,0.7,14.00,1.0,21.00,0.2,0.9,1.0,1.8,2.0,-2.9,40.5,41.0,66.7,edwin-jackson
2508,30,Melvin,Ajinca,40,ASV,LDLC ASVEL Villeurbanne,F,2,0.0,3.6,17.7,18,6.2,0.5,1.8,0.5,0.0,0.2,2.2,65.00,6.0,181.00,1.2,36.00,3.6,109.00,0.7,20.00,0.8,25.00,0.8,1.0,0.7,1.6,1.0,-5.5,35.9,33.0,80.0,melvin-ajinca
2511,28,Shaquille,Harrison,40,ASV,LDLC ASVEL Villeurbanne,F,2,0.0,9.3,19.1,18,7.9,2.1,2.8,1.3,0.1,0.2,3.0,83.00,6.5,183.00,0.5,14.00,1.7,48.00,1.5,42.00,2.4,66.00,0.7,2.1,1.2,1.5,2.3,-3.2,45.4,29.2,63.6,shaquille-harrison
2661,35,Zachary,Seljaas,40,ASV,LDLC ASVEL Villeurbanne,F,2,0.0,6.2,20.4,19,6.8,1.1,2.9,0.4,0.0,0.2,2.2,78.00,6.3,221.00,1.5,51.00,4.8,169.00,0.9,32.00,1.0,35.00,0.9,2.1,0.3,2.1,1.4,-1.3,35.3,30.2,91.4,zachary-seljaas
2679,35,Armel,Traore,40,ASV,LDLC ASVEL Villeurbanne,F,2,0.0,6.4,15.6,7,5.8,0.5,3.5,0.4,0.4,0.2,2.4,83.00,4.2,146.00,0.6,21.00,1.7,58.00,0.5,16.00,0.7,24.00,1.3,2.2,1.0,1.8,0.8,-3.5,56.8,36.2,66.7,armel-traore
2680,37,Bastien,Vautier,40,ASV,LDLC ASVEL Villeurbanne,C,3,0.0,5.2,12.6,18,5.6,0.8,2.6,0.5,0.2,0.3,2.1,77.00,4.0,149.00,0.0,0,0.0,0,1.5,55.00,2.1,79.00,1.2,1.5,0.9,2.6,1.8,-2.6,51.7,0.0,69.6,bastien-vautier
2681,29,Glynn,Watson,40,ASV,LDLC ASVEL Villeurbanne,G,1,0.0,12.5,25.6,20,14.0,3.0,2.3,0.9,0.1,0.3,5.0,145.00,10.9,317.00,2.1,61.00,5.0,146.00,1.9,56.00,2.3,68.00,0.4,1.9,1.4,2.7,2.7,-3.0,45.7,41.8,82.4,glynn-watson
2682,24,Thomas,Heurtel,40,ASV,LDLC ASVEL Villeurbanne,G,1,0.0,9.7,19.7,6,9.5,5.4,1.6,0.5,0.0,0.2,3.4,81.00,7.9,190.00,1.3,30.00,3.3,79.00,1.5,35.00,1.8,44.00,0.1,1.5,2.6,1.6,1.8,-5.2,42.6,38.0,79.5,thomas-heurtel
2855,17,Adam,Atamna,40,ASV,LDLC ASVEL Villeurbanne,G,1,0.0,0.5,10.4,1,1.6,1.2,1.2,0.5,0.1,0.2,0.5,8.00,3.4,58.00,0.3,5.00,2.2,38.00,0.4,6.00,0.5,8.00,0.5,0.7,0.6,1.2,0.9,-4.1,13.8,13.2,75.0,adam-atamna
3044,17,Paul,Eboua,40,ASV,LDLC ASVEL Villeurbanne,C,3,0.0,7.4,18.7,12,7.4,0.3,4.2,0.1,0.2,0.4,2.4,41.00,5.1,87.00,1.1,18.00,2.6,44.00,1.5,26.00,2.4,41.00,1.5,2.7,0.8,2.7,2.6,-4.3,47.1,40.9,63.4,paul-eboua
1248,38,Roman,Sorkin,41,MTA,Maccabi Rapyd Tel Aviv,F,2,0.0,14.9,22.9,35,13.5,1.7,4.2,0.6,0.6,0.5,5.2,198.00,10.1,384.00,0.8,31.00,2.4,91.00,2.3,86.00,2.8,105.00,1.7,2.5,1.2,2.2,2.8,-2.8,51.6,34.1,81.9,roman-sorkin
1289,16,Iffe,Lundberg,41,MTA,Maccabi Rapyd Tel Aviv,G,1,0.0,13.2,24.4,9,11.0,3.6,2.0,0.8,0.1,0.2,3.6,58.00,8.4,135.00,1.4,23.00,4.4,71.00,2.3,37.00,2.7,43.00,0.6,1.4,1.8,1.1,3.1,1.9,43.0,32.4,86.0,iffe-lundberg
1351,27,John,Dibartolomeo,41,MTA,Maccabi Rapyd Tel Aviv,G,1,0.0,4.6,14.3,0,4.0,0.9,1.9,0.9,0.0,0.0,1.2,32.00,3.0,82.00,1.0,26.00,2.5,68.00,0.7,19.00,0.8,22.00,0.7,1.1,0.3,2.0,1.1,3.2,39.0,38.2,86.4,john-dibartolomeo
1462,38,Tamir,Blatt,41,MTA,Maccabi Rapyd Tel Aviv,G,1,0.0,9.4,19.4,15,7.1,5.2,1.8,0.3,0.0,0.1,2.3,87.00,5.9,224.00,1.8,70.00,4.8,182.00,0.7,26.00,0.9,34.00,0.3,1.6,2.3,0.8,1.4,-3.1,38.8,38.5,76.5,tamir-blatt
1587,35,Jaylen,Hoard,41,MTA,Maccabi Rapyd Tel Aviv,F,2,0.0,17.0,28.8,35,11.7,1.3,7.1,0.8,0.3,0.5,4.3,151.00,8.2,286.00,0.4,14.00,1.3,46.00,2.7,95.00,3.1,110.00,2.2,4.8,1.1,1.7,2.5,-4.3,52.8,30.4,86.4,jaylen-hoard
2276,10,Zachary,Hankins,41,MTA,Maccabi Rapyd Tel Aviv,C,3,0.0,4.8,10.3,0,4.6,0.4,2.3,0.0,0.4,0.3,2.0,20.00,2.6,26.00,0.0,0,0.0,0,0.6,6.00,0.9,9.00,1.3,1.0,0.5,2.2,0.8,1.4,76.9,0.0,66.7,zachary-hankins
2304,37,Marcio,Santos,41,MTA,Maccabi Rapyd Tel Aviv,C,3,0.0,6.3,14.1,4,6.9,0.6,1.6,0.6,0.3,0.1,2.0,75.00,4.1,152.00,0.6,24.00,1.6,60.00,2.2,82.00,2.8,102.00,0.7,0.9,1.0,3.2,2.8,-0.1,49.3,40.0,80.4,marcio-santos
2532,38,William,Rayman,41,MTA,Maccabi Rapyd Tel Aviv,F,2,0.0,2.9,12.0,17,3.1,0.3,2.1,0.3,0.2,0.2,0.8,32.00,2.3,86.00,0.5,19.00,1.3,50.00,0.9,35.00,1.4,53.00,0.9,1.2,0.2,2.4,1.6,0.4,37.2,38.0,66.0,william-rayman
2585,28,Lonnie,Walker Iv,41,MTA,Maccabi Rapyd Tel Aviv,G,1,0.0,13.3,22.7,26,15.2,2.3,2.5,0.8,0.3,0.3,4.6,130.00,11.8,330.00,2.4,68.00,6.9,194.00,3.5,97.00,4.6,128.00,0.3,2.3,1.6,1.9,3.7,-2.4,39.4,35.1,75.8,lonnie-walker-iv
2632,37,Jimmy,Clark Iii,41,MTA,Maccabi Rapyd Tel Aviv,G,1,0.0,9.1,19.7,24,9.5,4.3,1.8,1.3,0.1,0.2,3.6,132.00,8.6,318.00,1.2,44.00,3.9,143.00,1.2,44.00,1.5,55.00,0.6,1.2,2.0,2.6,1.7,-0.9,41.5,30.8,80.0,jimmy-clark-iii
2683,24,Tj,Leaf,41,MTA,Maccabi Rapyd Tel Aviv,F,2,0.0,13.2,18.2,1,9.1,1.1,4.7,0.5,0.5,0.1,3.6,87.00,5.9,142.00,0.2,5.00,0.5,12.00,1.7,40.00,2.0,47.00,2.0,2.7,0.5,1.6,1.5,1.2,61.3,41.7,85.1,tj-leaf
2851,15,Gur,Lavi,41,MTA,Maccabi Rapyd Tel Aviv,F,2,0.0,3.4,11.3,2,3.9,0.3,1.7,0.3,0.1,0.2,1.5,23.00,2.5,38.00,0.3,5.00,0.8,12.00,0.5,8.00,0.7,10.00,0.6,1.1,0.8,1.7,0.7,0.7,60.5,41.7,80.0,gur-lavi
2854,19,Jeffrey,Dowtin Jr,41,MTA,Maccabi Rapyd Tel Aviv,G,1,0.0,7.1,17.1,2,8.1,2.4,1.1,0.6,0.1,0.2,2.8,53.00,6.7,127.00,1.2,22.00,2.9,55.00,1.3,25.00,1.8,35.00,0.2,0.8,0.9,1.4,1.7,-2.2,41.7,40.0,71.4,jeffrey-dowtin-jr
2857,36,O'shae J,Brissett,41,MTA,Maccabi Rapyd Tel Aviv,F,2,0.0,11.0,24.6,20,8.7,0.8,5.1,0.9,0.3,0.0,2.8,99.00,6.4,229.00,0.9,32.00,2.8,100.00,2.3,84.00,2.8,102.00,1.8,3.3,0.9,2.8,2.5,-3.9,43.2,32.0,82.4,oshae-j-brissett
1177,43,Tyler,Dorsey,42,OLY,Olympiacos Piraeus,G,1,0.0,14.7,25.2,42,15.9,2.6,2.3,0.7,0.1,0.5,5.2,224.00,11.7,502.00,2.5,107.00,6.4,277.00,3.0,127.00,3.7,161.00,0.5,1.8,1.9,1.9,3.6,4.2,44.6,38.6,78.9,tyler-dorsey
1334,27,Shaquielle,Mckissic,42,OLY,Olympiacos Piraeus,G,1,0.0,5.4,11.5,0,4.3,1.4,1.2,0.7,0.0,0.1,1.4,39.00,3.2,86.00,0.4,10.00,1.4,39.00,1.0,28.00,1.6,44.00,0.3,0.9,0.4,1.1,1.3,1.6,45.3,25.6,63.6,shaquielle-mckissic
1336,43,Alec,Peters,42,OLY,Olympiacos Piraeus,F,2,0.0,9.1,15.2,4,7.5,1.0,2.8,0.5,0.0,0.1,2.5,108.00,4.6,198.00,1.0,41.00,2.3,98.00,1.5,66.00,1.8,79.00,0.6,2.3,0.8,1.9,1.8,3.7,54.5,41.8,83.5,alec-peters
1338,36,Kostas,Papanikolaou,42,OLY,Olympiacos Piraeus,F,2,0.0,2.5,14.3,21,2.9,1.6,1.8,0.4,0.1,0.1,1.0,37.00,2.9,104.00,0.8,28.00,2.5,90.00,0.1,2.00,0.2,7.00,0.3,1.4,1.0,1.7,0.3,2.2,35.6,31.1,28.6,kostas-papanikolaou
1339,39,Sasha,Vezenkov,42,OLY,Olympiacos Piraeus,F,2,0.0,23.8,27.8,39,19.0,1.2,6.4,0.6,0.1,0.2,6.6,258.00,12.2,477.00,1.8,70.00,4.4,173.00,3.9,154.00,4.4,173.00,1.4,5.0,1.1,0.9,3.1,5.2,54.1,40.5,89.0,sasha-vezenkov
1340,2,Moustapha,Fall,42,OLY,Olympiacos Piraeus,C,3,0.0,6.1,6.7,0,0.0,2.5,1.5,0.0,1.0,0.0,0.0,0,0.0,0,0.0,0,0.0,0,0.0,0,0.0,0,0.5,1.0,0.0,0.0,0.5,-2.0,0.0,0.0,0.0,moustapha-fall
1342,7,Giannoulis,Larentzakis,42,OLY,Olympiacos Piraeus,G,1,0.0,0.1,3.0,0,0.3,0.9,0.1,0.0,0.0,0.0,0.1,1.00,0.9,6.00,0.0,0,0.7,5.00,0.0,0,0.0,0,0.0,0.1,0.3,0.6,0.3,-1.6,16.7,0.0,0.0,giannoulis-larentzakis
1345,37,Thomas,Walkup,42,OLY,Olympiacos Piraeus,G,1,0.0,10.3,24.0,37,5.3,5.7,2.6,0.9,0.0,0.1,1.9,70.00,4.6,170.00,1.0,36.00,2.6,98.00,0.5,20.00,0.7,26.00,0.6,2.0,1.5,2.4,1.8,6.1,41.2,36.7,76.9,thomas-walkup
1451,38,Donta,Hall,42,OLY,Olympiacos Piraeus,C,3,0.0,12.4,15.3,1,6.8,0.6,4.6,0.4,0.9,0.1,2.7,101.00,3.5,132.00,0.0,0,0.0,1.00,1.5,57.00,2.0,75.00,1.7,2.9,0.5,1.7,1.8,2.6,76.5,0.0,76.0,donta-hall
1597,33,Tyrique,Jones,42,OLY,Olympiacos Piraeus,C,3,0.0,13.8,19.4,9,8.7,1.6,5.0,1.1,0.5,0.2,3.4,111.00,5.0,165.00,0.0,0,0.0,0,2.0,65.00,3.0,98.00,2.0,2.9,1.3,2.6,2.9,2.1,67.3,0.0,66.3,tyrique-jones
1997,35,Tyson,Ward,42,OLY,Olympiacos Piraeus,F,2,0.0,8.3,19.1,14,7.1,2.3,2.9,0.5,0.1,0.3,2.5,87.00,5.5,192.00,0.5,19.00,2.1,72.00,1.5,54.00,2.3,79.00,0.7,2.2,1.1,2.4,2.3,6.1,45.3,26.4,68.4,tyson-ward
2116,40,Nikola,Milutinov,42,OLY,Olympiacos Piraeus,C,3,0.0,20.9,21.5,40,10.2,1.4,7.2,0.6,0.6,0.3,3.5,141.00,5.3,211.00,0.0,0,0.1,3.00,3.1,125.00,4.0,160.00,3.2,4.0,0.7,0.6,3.8,4.2,66.8,0.0,78.1,nikola-milutinov
2484,24,Frank,Ntilikina,42,OLY,Olympiacos Piraeus,G,1,0.0,3.0,16.4,6,4.5,1.6,1.1,0.5,0.4,0.2,1.5,37.00,4.0,97.00,0.8,19.00,2.2,52.00,0.7,16.00,0.8,19.00,0.5,0.6,1.3,2.9,1.4,3.2,38.1,36.5,84.2,frank-ntilikina
2522,39,Evan,Fournier,42,OLY,Olympiacos Piraeus,G,1,0.0,9.7,21.9,9,11.6,2.9,2.1,0.8,0.1,0.3,3.9,152.00,9.6,375.00,2.2,87.00,6.1,236.00,1.6,63.00,2.0,78.00,0.4,1.6,1.7,2.1,1.7,4.8,40.5,36.9,80.8,evan-fournier
3038,8,Monte,Morris,42,OLY,Olympiacos Piraeus,G,1,0.0,1.5,11.5,0,1.6,1.4,1.3,0.1,0.1,0.3,0.4,3.00,2.1,17.00,0.0,0,0.9,7.00,0.9,7.00,1.5,12.00,0.3,1.0,0.5,1.0,0.9,-2.0,17.6,0.0,58.3,monte-morris
3058,16,Cory,Joseph,42,OLY,Olympiacos Piraeus,G,1,0.0,7.4,15.6,0,5.5,2.3,1.8,0.5,0.1,0.0,1.8,28.00,3.9,63.00,0.7,11.00,2.0,32.00,1.3,21.00,1.6,26.00,0.4,1.4,1.2,1.8,2.1,5.8,44.4,34.4,80.8,cory-joseph
1256,19,Marius,Grigonis,43,PAO,Panathinaikos AKTOR Athens,G,1,0.0,0.6,5.8,0,1.0,0.3,0.7,0.1,0.0,0.0,0.4,7.00,1.1,21.00,0.3,5.00,0.8,16.00,0.0,0,0.0,0,0.2,0.5,0.3,0.9,0.4,-0.6,33.3,31.3,0.0,marius-grigonis
1260,13,Alexandros,Samodurov,43,PAO,Panathinaikos AKTOR Athens,F,2,0.0,3.1,6.2,0,2.6,0.3,0.7,0.1,0.5,0.1,1.1,14.00,1.8,23.00,0.3,4.00,0.9,12.00,0.2,2.00,0.2,3.00,0.2,0.5,0.2,0.5,0.2,-1.1,60.9,33.3,66.7,alexandros-samodurov
1266,26,Panagiotis,Kalaitzakis,43,PAO,Panathinaikos AKTOR Athens,F,2,0.0,1.1,5.1,3,1.0,0.3,0.6,0.2,0.0,0.0,0.4,11.00,1.0,25.00,0.1,3.00,0.5,13.00,0.0,1.00,0.1,3.00,0.1,0.5,0.1,0.7,0.3,0.1,44.0,23.1,33.3,panagiotis-kalaitzakis
1324,14,Mathias,Lessort,43,PAO,Panathinaikos AKTOR Athens,C,3,0.0,13.0,22.7,13,8.3,1.2,5.6,0.7,0.3,0.5,3.4,47.00,5.7,80.00,0.0,0,0.0,0,1.6,22.00,2.4,33.00,2.5,3.1,1.6,2.6,3.9,1.5,58.8,0.0,66.7,mathias-lessort
1341,38,Kostas,Sloukas,43,PAO,Panathinaikos AKTOR Athens,G,1,0.0,13.3,21.3,6,9.6,5.1,1.9,0.7,0.1,0.3,3.0,115.00,7.0,266.00,1.3,48.00,3.4,128.00,2.3,86.00,2.5,95.00,0.4,1.6,1.3,1.9,2.8,2.8,43.2,37.5,90.5,kostas-sloukas
1360,16,Nigel,Hayes-davis,43,PAO,Panathinaikos AKTOR Athens,F,2,0.0,13.6,28.6,12,14.1,1.9,3.4,1.1,0.3,0.2,4.9,79.00,11.6,185.00,1.9,30.00,5.5,88.00,2.4,38.00,2.8,44.00,1.4,2.0,0.9,2.1,2.2,1.8,42.7,34.1,86.4,nigel-hayes-davis
1602,42,Jerian,Grant,43,PAO,Panathinaikos AKTOR Athens,G,1,0.0,8.8,23.6,31,6.9,3.5,1.7,1.1,0.0,0.1,2.5,107.00,5.7,238.00,0.8,32.00,2.2,93.00,1.0,44.00,1.3,54.00,0.5,1.2,1.0,2.4,1.9,0.9,45.0,34.4,81.5,jerian-grant
1913,10,Vassilis,Toliopoulos,43,PAO,Panathinaikos AKTOR Athens,G,1,0.0,3.7,9.6,1,5.2,1.1,0.6,0.2,0.0,0.3,1.6,16.00,4.7,47.00,1.1,11.00,3.2,32.00,0.9,9.00,0.9,9.00,0.2,0.4,0.2,1.2,1.1,3.7,34.0,34.4,100.0,vassilis-toliopoulos
1999,43,Tj,Shorts,43,PAO,Panathinaikos AKTOR Athens,G,1,0.0,8.4,16.1,17,8.1,2.9,1.3,0.6,0.0,0.4,3.1,135.00,6.9,297.00,0.3,14.00,1.1,48.00,1.5,66.00,2.1,92.00,0.1,1.2,1.0,1.5,2.2,-1.3,45.5,29.2,71.7,tj-shorts
2095,31,Konstantinos,Mitoglou,43,PAO,Panathinaikos AKTOR Athens,F,2,0.0,5.8,12.9,6,4.8,0.5,2.8,0.4,0.3,0.2,1.8,56.00,4.1,127.00,0.3,10.00,1.4,43.00,0.8,26.00,1.0,32.00,0.9,1.9,0.5,1.5,1.3,-0.4,44.1,23.3,81.3,konstantinos-mitoglou
2096,44,Juancho,Hernangomez,43,PAO,Panathinaikos AKTOR Athens,F,2,0.0,13.0,24.5,26,8.0,0.7,6.5,0.8,0.3,0.1,3.0,130.00,6.0,265.00,1.2,54.00,3.4,149.00,0.8,36.00,1.1,48.00,2.1,4.4,0.5,1.2,1.4,0.6,49.1,36.2,75.0,juancho-hernangomez
2101,34,Nikolaos,Rogkavopoulos,43,PAO,Panathinaikos AKTOR Athens,F,2,0.0,5.0,12.3,8,5.6,0.5,2.0,0.2,0.1,0.2,2.0,69.00,4.4,149.00,0.8,26.00,2.4,81.00,0.7,25.00,0.8,28.00,0.6,1.4,0.3,1.4,0.6,1.9,46.3,32.1,89.3,nikolaos-rogkavopoulos
2198,37,Kendrick,Nunn,43,PAO,Panathinaikos AKTOR Athens,G,1,0.0,16.7,29.7,33,18.3,3.5,2.7,1.0,0.1,0.4,6.9,256.00,13.7,508.00,2.1,76.00,5.4,200.00,2.4,88.00,2.7,99.00,0.6,2.1,2.9,2.7,3.3,1.9,50.4,38.0,88.9,kendrick-nunn
2529,39,Cedi,Osman,43,PAO,Panathinaikos AKTOR Athens,F,2,0.0,13.6,27.3,34,12.9,1.2,3.5,0.7,0.1,0.3,4.1,160.00,8.7,340.00,1.6,64.00,4.3,168.00,3.0,118.00,3.7,144.00,0.5,3.0,0.8,2.5,3.2,1.3,47.1,38.1,81.9,cedi-osman
3008,35,Kenneth,Faried,43,PAO,Panathinaikos AKTOR Athens,C,3,0.0,8.1,13.1,13,5.8,0.3,3.9,0.3,0.6,0.1,2.3,82.00,3.9,135.00,0.0,0,0.0,1.00,1.1,38.00,1.7,58.00,1.9,2.1,0.9,1.9,1.5,-0.5,60.7,0.0,65.5,kenneth-faried
1229,15,Tonye,Jekiri,44,PAR,Partizan Mozzart Bet Belgrade,C,3,0.0,10.6,19.3,3,7.5,1.4,5.0,0.7,0.3,0.3,3.2,48.00,5.9,88.00,0.0,0,0.0,0,1.1,16.00,1.5,23.00,2.1,2.9,0.9,2.7,2.0,1.7,54.5,0.0,69.6,tonye-jekiri
1356,31,Nick,Calathes,44,PAR,Partizan Mozzart Bet Belgrade,G,1,0.0,6.3,19.2,5,4.3,4.2,2.5,0.9,0.1,0.1,1.7,54.00,4.7,145.00,0.5,17.00,1.9,58.00,0.3,9.00,0.5,16.00,0.4,2.0,1.5,2.4,1.1,-3.3,37.2,29.3,56.3,nick-calathes
1425,19,Vanja,Marinkovic,44,PAR,Partizan Mozzart Bet Belgrade,F,2,0.0,4.3,20.5,10,5.9,0.8,1.6,0.5,0.1,0.0,2.0,38.00,5.3,101.00,1.2,23.00,3.6,69.00,0.7,14.00,0.9,18.00,0.4,1.3,0.6,1.7,1.1,-6.3,37.6,33.3,77.8,vanja-marinkovic
1434,38,Isaac,Bonga,44,PAR,Partizan Mozzart Bet Belgrade,F,2,0.0,15.0,27.8,28,9.9,1.5,5.6,0.9,0.5,0.2,3.4,128.00,6.9,261.00,0.8,31.00,2.6,100.00,2.4,91.00,2.9,110.00,1.7,3.9,1.3,2.1,3.3,-3.2,49.0,31.0,82.7,isaac-bonga
2062,3,Mitar,Bosnjakovic,44,PAR,Partizan Mozzart Bet Belgrade,G,1,0.0,0.0,3.1,0,0.0,0.0,0.3,0.0,0.0,0.0,0.0,0,0.0,0,0.0,0,0.0,0,0.0,0,0.0,0,0.3,0.0,0.0,0.3,0.0,-3.0,0.0,0.0,0.0,mitar-bosnjakovic
2089,37,Sterling,Brown,44,PAR,Partizan Mozzart Bet Belgrade,G,1,0.0,11.6,28.1,33,13.7,2.3,2.8,0.9,0.2,0.6,5.1,187.00,11.1,409.00,2.1,76.00,5.2,194.00,1.5,57.00,1.7,63.00,0.6,2.3,2.0,1.8,1.7,-2.1,45.7,39.2,90.5,sterling-brown
2481,25,Arijan,Lakic,44,PAR,Partizan Mozzart Bet Belgrade,G,1,0.0,2.9,13.1,4,2.8,0.6,1.7,0.6,0.1,0.0,1.0,24.00,2.4,61.00,0.6,15.00,1.7,43.00,0.2,6.00,0.3,8.00,0.5,1.2,0.3,1.6,0.6,-1.2,39.3,34.9,75.0,arijan-lakic
2482,27,Aleksej,Pokusevski,44,PAR,Partizan Mozzart Bet Belgrade,F,2,0.0,3.1,12.1,6,3.7,0.5,2.1,0.4,0.3,0.1,1.5,41.00,3.6,98.00,0.6,15.00,1.9,50.00,0.1,3.00,0.1,3.00,0.4,1.7,0.4,1.6,0.2,-2.2,41.8,30.0,100.0,aleksej-pokusevski
2483,23,Duane,Washington,44,PAR,Partizan Mozzart Bet Belgrade,G,1,0.0,11.4,21.9,7,14.9,2.5,1.5,0.6,0.0,0.8,5.4,125.00,12.1,278.00,2.1,49.00,5.7,130.00,1.9,44.00,2.4,55.00,0.2,1.3,1.7,2.3,3.3,-2.7,45.0,37.7,80.0,duane-washington
2485,15,Carlik,Jones,44,PAR,Partizan Mozzart Bet Belgrade,G,1,0.0,18.1,28.1,13,15.4,4.6,3.1,0.8,0.3,1.0,5.5,82.00,11.8,177.00,0.8,12.00,2.8,42.00,3.7,55.00,4.1,61.00,0.9,2.3,1.8,1.9,4.0,5.5,46.3,28.6,90.2,carlik-jones
2519,1,Mario,Nakic,44,PAR,Partizan Mozzart Bet Belgrade,F,2,0.0,3.3,6.2,1,2.0,0.0,1.0,0.0,0.0,0.0,1.0,1.00,1.0,1.00,0.0,0,0.0,0,0.0,0,0.0,0,0.0,1.0,0.0,0.0,0.0,-2.0,100.0,0.0,0.0,mario-nakic
2622,37,Bruno,Fernando,44,PAR,Partizan Mozzart Bet Belgrade,C,3,0.0,10.2,17.3,22,7.8,0.7,4.3,0.5,0.5,0.1,3.0,112.00,4.8,178.00,0.0,1.00,0.1,2.00,1.8,65.00,2.4,88.00,1.6,2.7,1.6,2.6,2.6,-1.8,62.9,50.0,73.9,bruno-fernando
2647,10,Aleksa,Radanov,44,PAR,Partizan Mozzart Bet Belgrade,G,1,0.0,0.3,6.8,1,1.2,0.4,0.9,0.1,0.0,0.0,0.5,5.00,1.3,13.00,0.2,2.00,0.7,7.00,0.0,0,0.0,0,0.3,0.6,0.5,1.6,0.5,-6.2,38.5,28.6,0.0,aleksa-radanov
2665,35,Dylan,Osetkowski,44,PAR,Partizan Mozzart Bet Belgrade,F,2,0.0,7.6,20.1,20,7.2,1.0,2.9,1.0,0.1,0.3,2.5,88.00,5.7,201.00,1.1,38.00,3.0,106.00,1.1,38.00,1.2,43.00,1.0,1.9,0.4,2.2,1.2,-3.4,43.8,35.8,88.4,dylan-osetkowski
2691,23,Shake,Milton,44,PAR,Partizan Mozzart Bet Belgrade,G,1,0.0,6.2,18.6,10,6.9,2.4,1.4,0.5,0.1,0.4,2.5,58.00,5.8,134.00,0.4,9.00,1.5,35.00,1.4,33.00,1.7,39.00,0.5,0.9,1.3,2.2,2.1,-3.6,43.3,25.7,84.6,shake-milton
2872,6,Miikka,Muurinen,44,PAR,Partizan Mozzart Bet Belgrade,F,2,0.0,0.0,1.8,0,0.2,0.0,0.0,0.0,0.0,0.0,0.0,0,0.2,1.00,0.0,0,0.2,1.00,0.2,1.00,0.3,2.00,0.0,0.0,0.0,0.2,0.3,-2.8,0.0,0.0,50.0,miikka-muurinen
2979,5,Uros,Mijailovic,44,PAR,Partizan Mozzart Bet Belgrade,F,2,0.0,-1.1,2.4,0,0.0,0.0,0.2,0.0,0.0,0.0,0.0,0,0.2,1.00,0.0,0,0.0,0,0.0,0,0.0,0,0.0,0.2,0.2,1.0,0.0,-3.6,0.0,0.0,0.0,uros-mijailovic
1176,44,Facundo,Campazzo,45,RMB,Real Madrid,G,1,0.0,15.4,24.4,37,12.0,5.1,1.9,1.1,0.0,0.2,3.6,159.00,8.3,364.00,2.2,96.00,5.2,228.00,2.6,114.00,3.1,135.00,0.3,1.6,2.0,2.1,3.8,4.2,43.7,42.1,84.4,facundo-campazzo
1235,39,Walter,Tavares,45,RMB,Real Madrid,C,3,0.0,16.5,22.8,39,9.6,0.6,6.6,0.6,1.8,0.3,3.6,142.00,5.3,206.00,0.0,0,0.0,0,2.3,89.00,3.1,122.00,2.5,4.1,1.6,2.5,3.2,4.8,68.9,0.0,73.0,walter-tavares
1239,41,Gabriel,Deck,45,RMB,Real Madrid,F,2,0.0,9.4,20.4,8,7.1,1.2,3.5,0.4,0.0,0.2,2.6,107.00,4.8,195.00,0.6,24.00,1.7,71.00,1.3,52.00,1.5,63.00,1.0,2.5,0.8,1.7,1.6,3.5,54.9,33.8,82.5,gabriel-deck
1314,40,Sergio,Llull,45,RMB,Real Madrid,G,1,0.0,2.1,10.7,0,3.1,1.5,0.8,0.2,0.0,0.1,1.0,41.00,3.5,139.00,0.7,26.00,2.4,97.00,0.4,16.00,0.6,24.00,0.2,0.6,0.5,1.0,0.7,-0.5,29.5,26.8,66.7,sergio-llull
1316,44,Mario,Hezonja,45,RMB,Real Madrid,F,2,0.0,13.3,22.6,36,13.3,2.4,4.0,0.8,0.0,0.4,4.9,214.00,11.4,502.00,1.5,68.00,5.0,222.00,2.1,91.00,2.6,113.00,0.6,3.4,1.7,1.7,2.5,2.2,42.6,30.6,80.5,mario-hezonja
1318,42,Alberto,Abalde,45,RMB,Real Madrid,F,2,0.0,4.1,15.6,40,4.6,1.3,1.6,0.4,0.0,0.1,1.7,71.00,3.6,153.00,0.9,38.00,1.9,81.00,0.3,12.00,0.4,15.00,0.5,1.0,0.6,1.9,0.6,1.4,46.4,46.9,80.0,alberto-abalde
1475,8,Gabriele,Procida,45,RMB,Real Madrid,F,2,0.0,1.0,5.0,1,1.6,0.1,0.5,0.0,0.0,0.1,0.5,4.00,1.3,10.00,0.3,2.00,0.6,5.00,0.4,3.00,0.4,3.00,0.3,0.3,0.1,0.5,0.1,-3.0,40.0,40.0,100.0,gabriele-procida
1700,39,Andres,Feliz,45,RMB,Real Madrid,G,1,0.0,7.2,16.7,6,6.9,2.0,2.5,0.6,0.0,0.4,2.6,103.00,5.5,214.00,0.9,35.00,2.2,85.00,0.7,27.00,0.9,37.00,0.9,1.7,0.9,2.0,1.1,2.6,48.1,41.2,73.0,andres-feliz
2509,38,Theo,Maledon,45,RMB,Real Madrid,G,1,0.0,12.1,17.0,3,9.4,2.9,2.2,0.5,0.1,0.3,2.7,103.00,5.9,226.00,0.6,24.00,2.0,75.00,3.3,126.00,3.8,145.00,0.4,1.8,1.3,2.0,3.4,2.6,45.6,32.0,86.9,theo-maledon
2514,40,Usman,Garuba,45,RMB,Real Madrid,F,2,0.0,6.9,12.5,1,5.3,0.5,2.8,0.8,0.7,0.3,2.2,88.00,3.5,139.00,0.1,3.00,0.1,5.00,0.8,31.00,1.2,47.00,1.2,1.6,0.7,1.9,1.0,2.4,63.3,60.0,66.0,usman-garuba
2645,42,Trey,Lyles,45,RMB,Real Madrid,F,2,0.0,16.1,21.2,12,13.5,1.5,4.5,0.5,0.5,0.5,4.5,188.00,8.8,368.00,1.6,68.00,3.5,148.00,2.9,121.00,3.7,154.00,1.1,3.5,1.3,1.8,3.2,3.9,51.1,45.9,78.6,trey-lyles
2651,14,David,Kramer,45,RMB,Real Madrid,G,1,0.0,1.1,11.3,2,2.5,0.9,1.2,0.2,0.0,0.2,0.9,12.00,2.6,36.00,0.6,8.00,1.8,25.00,0.2,3.00,0.4,6.00,0.4,0.9,0.4,2.0,0.6,1.0,33.3,32.0,50.0,david-kramer
2692,3,Izan,Almansa,45,RMB,Real Madrid,F,2,0.0,-0.6,3.2,0,0.7,0.0,0.0,0.0,0.0,0.0,0.3,1.00,0.3,1.00,0.0,0,0.0,0,0.0,0,0.0,0,0.0,0.0,0.3,1.0,0.0,-2.0,100.0,0.0,0.0,izan-almansa
2693,43,Chuma,Okeke,45,RMB,Real Madrid,F,2,0.0,8.5,17.9,32,5.6,0.8,3.9,0.6,0.5,0.1,2.1,90.00,4.4,191.00,1.1,49.00,3.0,127.00,0.3,13.00,0.4,19.00,1.5,2.4,0.3,1.0,0.5,1.6,47.1,38.6,68.4,chuma-okeke
2873,1,Gunars,Grinvalds,45,RMB,Real Madrid,F,2,0.0,0.0,0.8,0,0.0,0.0,0.0,0.0,0.0,0.0,0.0,0,0.0,0,0.0,0,0.0,0,0.0,0,0.0,0,0.0,0.0,0.0,0.0,0.0,-4.0,0.0,0.0,0.0,gunars-grinvalds
3005,23,Alex,Len,45,RMB,Real Madrid,C,3,0.0,3.9,9.2,3,3.0,0.3,2.0,0.1,0.9,0.3,1.0,23.00,2.0,45.00,0.0,0,0.0,1.00,1.0,23.00,1.3,30.00,1.0,1.0,0.6,1.4,1.0,-2.0,51.1,0.0,76.7,alex-len
1253,44,Darius,Thompson,46,VBC,Valencia Basket,G,1,0.0,10.6,18.8,20,9.0,3.1,1.9,1.0,0.3,0.1,3.3,143.00,6.9,304.00,1.5,68.00,3.8,169.00,0.9,41.00,1.1,48.00,0.8,1.0,1.0,1.7,1.3,3.5,47.0,40.2,85.4,darius-thompson
1296,31,Sergio,De Larrea,46,VBC,Valencia Basket,G,1,0.0,4.9,11.2,9,4.2,2.2,1.4,0.4,0.2,0.1,1.4,43.00,3.2,99.00,0.6,19.00,1.5,48.00,0.8,26.00,1.2,36.00,0.5,0.9,1.2,1.5,1.2,0.6,43.4,39.6,72.2,sergio-de-larrea
1304,10,Xabi,Lopez-arostegui,46,VBC,Valencia Basket,G,1,0.0,0.4,8.5,0,1.7,0.7,0.9,0.2,0.0,0.2,0.5,5.00,2.1,21.00,0.3,3.00,1.4,14.00,0.4,4.00,0.5,5.00,0.2,0.7,0.6,1.1,0.4,2.2,23.8,21.4,80.0,xabi-lopez-arostegui
1305,44,Jaime,Pradilla,46,VBC,Valencia Basket,C,3,0.0,9.9,19.5,32,6.8,1.9,4.1,0.6,0.1,0.3,2.8,123.00,5.3,232.00,0.7,32.00,2.0,90.00,0.5,20.00,0.6,27.00,1.3,2.8,1.3,1.5,1.4,1.1,53.0,35.6,74.1,jaime-pradilla
1309,38,Josep,Puerto,46,VBC,Valencia Basket,G,1,0.0,5.6,15.7,11,5.2,0.6,2.5,0.3,0.1,0.1,1.8,69.00,4.0,153.00,1.0,39.00,2.6,97.00,0.5,19.00,0.7,26.00,0.7,1.8,0.4,1.3,0.8,1.1,45.1,40.2,73.1,josep-puerto
1421,40,Matthew,Costello,46,VBC,Valencia Basket,F,2,0.0,7.9,16.6,10,6.2,0.9,3.8,0.5,0.5,0.1,2.2,87.00,4.6,184.00,1.2,47.00,3.0,119.00,0.7,28.00,1.5,59.00,1.0,2.8,0.6,1.8,1.2,4.4,47.3,39.5,47.5,matthew-costello
1797,6,Yankuba,Sima,46,VBC,Valencia Basket,C,3,0.0,0.6,8.2,0,3.2,0.2,1.5,0.2,0.2,0.3,1.2,7.00,2.5,15.00,0.2,1.00,0.5,3.00,0.7,4.00,1.3,8.00,1.0,0.5,0.7,2.7,1.0,1.2,46.7,33.3,50.0,yankuba-sima
2067,44,Nathan,Reuvers,46,VBC,Valencia Basket,F,2,0.0,11.6,19.1,19,10.4,0.4,3.3,0.5,0.7,0.1,3.8,167.00,6.4,282.00,1.2,51.00,2.8,123.00,1.6,72.00,2.5,108.00,1.1,2.2,0.7,2.5,2.3,0.1,59.2,41.5,66.7,nathan-reuvers
2266,38,Jean,Montero,46,VBC,Valencia Basket,G,1,0.0,19.2,23.0,20,14.4,4.8,3.0,1.1,0.3,0.3,4.5,172.00,10.8,411.00,1.8,68.00,5.5,210.00,3.5,134.00,4.0,152.00,0.8,2.2,1.4,1.4,4.1,2.1,41.8,32.4,88.2,jean-montero
2267,40,Brancou,Badio,46,VBC,Valencia Basket,G,1,0.0,10.3,20.5,23,11.2,2.3,2.6,0.6,0.2,0.2,3.9,156.00,9.2,366.00,1.8,71.00,5.3,211.00,1.6,63.00,1.8,73.00,0.8,1.8,1.6,2.1,2.2,2.2,42.6,33.6,86.3,brancou-badio
2507,42,Neal,Sako,46,VBC,Valencia Basket,C,3,0.0,6.6,13.4,25,4.7,0.6,3.8,0.3,0.4,0.2,2.0,84.00,3.4,142.00,0.0,0,0.0,0,0.7,30.00,1.9,79.00,1.8,2.0,0.8,2.0,1.8,2.3,59.2,0.0,38.0,neal-sako
2646,43,Omari,Moore,46,VBC,Valencia Basket,G,1,0.0,8.3,17.3,16,7.5,2.9,2.1,0.5,0.1,0.4,2.8,119.00,6.2,267.00,0.7,31.00,2.3,97.00,1.3,54.00,1.7,74.00,0.7,1.3,1.4,1.1,1.5,0.4,44.6,32.0,73.0,omari-moore
2848,40,Kameron,Taylor,46,VBC,Valencia Basket,F,2,0.0,14.5,24.1,32,11.8,2.1,4.5,0.9,0.3,0.3,4.3,171.00,8.5,338.00,1.5,58.00,3.8,150.00,1.8,70.00,2.1,85.00,1.1,3.4,1.5,2.1,2.6,3.8,50.6,38.7,82.4,kameron-taylor
2865,13,Isaac,Nogues,46,VBC,Valencia Basket,G,1,0.0,0.4,3.3,1,0.0,0.5,0.7,0.4,0.0,0.0,0.0,0,0.3,4.00,0.0,0,0.2,2.00,0.0,0,0.0,0,0.2,0.5,0.2,1.2,0.5,-0.8,0.0,0.0,0.0,isaac-nogues
3004,34,Braxton,Key,46,VBC,Valencia Basket,F,2,0.0,7.1,17.0,1,6.3,1.1,3.5,0.7,0.5,0.3,2.4,81.00,5.1,172.00,0.4,13.00,1.6,53.00,1.2,40.00,1.8,62.00,1.1,2.4,1.0,2.6,1.7,0.5,47.1,24.5,64.5,braxton-key
1214,30,Luca,Vildoza,47,VIR,Virtus Bologna,G,1,0.0,10.2,21.1,18,7.5,4.4,2.1,1.4,0.0,0.3,2.7,82.00,6.1,182.00,1.2,35.00,3.3,100.00,0.9,27.00,1.1,33.00,0.4,1.8,1.4,2.1,1.7,-0.1,45.1,35.0,81.8,luca-vildoza
1232,35,Carsen,Edwards,47,VIR,Virtus Bologna,G,1,0.0,11.5,25.2,34,17.2,2.3,2.2,0.9,0.1,1.1,6.2,218.00,15.9,555.00,2.5,86.00,7.8,272.00,2.3,81.00,2.9,102.00,0.3,1.9,2.5,1.8,3.9,-4.1,39.3,31.6,79.4,carsen-edwards
1287,33,Daniel,Hackett,47,VIR,Virtus Bologna,G,1,0.0,4.7,14.7,2,3.3,1.4,2.3,0.4,0.0,0.0,1.0,34.00,2.6,85.00,0.6,20.00,1.5,50.00,0.6,20.00,0.8,27.00,0.5,1.8,0.8,1.5,1.2,-2.5,40.0,40.0,74.1,daniel-hackett
1293,24,Alessandro,Pajola,47,VIR,Virtus Bologna,G,1,0.0,7.3,19.1,13,4.0,4.2,2.7,1.1,0.3,0.0,1.3,31.00,3.7,88.00,0.7,16.00,2.5,59.00,0.8,18.00,1.1,27.00,0.4,2.3,1.2,2.9,1.5,0.0,35.2,27.1,66.7,alessandro-pajola
1328,30,Alen,Smailagic,47,VIR,Virtus Bologna,F,2,0.0,7.6,16.5,18,7.5,0.9,2.6,0.6,0.2,0.2,2.7,80.00,5.5,166.00,1.0,29.00,2.7,81.00,1.2,36.00,1.5,46.00,0.8,1.8,0.8,1.9,1.5,-3.3,48.2,35.8,78.3,alen-smailagic
1525,36,Karim,Jallow,47,VIR,Virtus Bologna,F,2,0.0,5.6,20.9,26,5.3,1.0,2.8,0.5,0.1,0.4,2.1,74.00,4.5,161.00,0.4,14.00,1.3,46.00,0.8,27.00,1.3,46.00,0.8,1.9,0.9,1.6,1.6,-3.1,46.0,30.4,58.7,karim-jallow
1719,26,Nicola,Akele,47,VIR,Virtus Bologna,F,2,0.0,3.4,10.0,8,2.6,0.6,2.1,0.2,0.1,0.0,1.2,31.00,1.9,50.00,0.1,2.00,0.2,6.00,0.1,3.00,0.2,6.00,0.7,1.3,0.3,1.5,0.4,-1.8,62.0,33.3,50.0,nicola-akele
1947,37,Saliou,Niang,47,VIR,Virtus Bologna,F,2,0.0,11.4,21.4,13,7.0,1.9,5.0,0.9,0.4,0.2,2.8,104.00,4.5,165.00,0.1,4.00,0.3,12.00,1.3,48.00,1.6,61.00,1.9,3.1,1.5,2.4,1.8,-2.7,63.0,33.3,78.7,saliou-niang
2038,34,Matthew,Morgan,47,VIR,Virtus Bologna,G,1,0.0,12.7,19.9,2,13.5,2.2,1.6,0.3,0.0,0.6,3.9,134.00,8.4,287.00,1.8,62.00,5.0,169.00,3.8,128.00,4.1,140.00,0.2,1.4,1.5,1.7,3.3,-1.1,46.7,36.7,91.4,matthew-morgan
2505,33,Mouhamet,Diouf,47,VIR,Virtus Bologna,C,3,0.0,10.8,18.5,19,8.0,1.2,4.2,0.5,0.7,0.3,3.2,104.00,5.3,174.00,0.0,0,0.0,0,1.7,56.00,2.3,75.00,1.8,2.4,1.5,2.3,2.6,-0.8,59.8,0.0,74.7,mouhamet-diouf
2650,27,Aliou,Diarra,47,VIR,Virtus Bologna,C,3,0.0,6.6,10.5,3,4.3,0.7,3.1,0.3,0.6,0.1,1.9,50.00,2.7,74.00,0.0,0,0.0,0,0.6,16.00,1.1,29.00,1.3,1.8,0.6,1.8,1.2,-1.9,67.6,0.0,55.2,aliou-diarra
2695,36,Derrick,Alston Jr.,47,VIR,Virtus Bologna,F,2,0.0,9.2,22.2,27,10.1,1.4,2.6,0.5,0.1,0.4,3.4,121.00,7.1,257.00,1.6,58.00,3.5,127.00,1.8,64.00,2.0,71.00,0.6,2.0,1.2,2.1,1.7,-1.4,47.1,45.7,90.1,derrick-alston-jr
2874,5,Matteo,Accorsi,47,VIR,Virtus Bologna,G,1,0.0,0.7,5.1,0,1.2,0.2,0.6,0.4,0.0,0.0,0.6,3.00,1.6,8.00,0.0,0,1.0,5.00,0.0,0,0.0,0,0.2,0.4,0.0,0.8,0.0,3.0,37.5,0.0,0.0,matteo-accorsi
3043,11,Francesco,Ferrari,47,VIR,Virtus Bologna,F,2,0.0,3.8,10.3,1,2.5,0.5,2.4,0.0,0.2,0.0,0.6,7.00,1.8,20.00,0.2,2.00,1.0,11.00,1.0,11.00,1.2,13.00,0.9,1.5,0.3,1.2,1.0,-5.6,35.0,18.2,84.6,francesco-ferrari
3065,5,Matteo,Baiocchi,47,VIR,Virtus Bologna,G,1,0.0,-1.1,9.9,0,0.8,0.4,0.6,0.2,0.0,0.0,0.4,2.00,1.2,6.00,0.0,0,0.2,1.00,0.0,0,0.0,0,0.0,0.6,1.4,1.4,0.4,1.8,33.3,0.0,0.0,matteo-baiocchi
1270,42,Edgaras,Ulanovas,48,ZAL,Zalgiris Kaunas,F,2,0.0,7.0,18.6,10,5.5,1.5,2.2,0.3,0.1,0.1,1.6,67.00,3.6,151.00,0.6,26.00,1.5,63.00,1.7,71.00,2.1,88.00,0.8,1.4,0.4,1.8,1.9,-0.2,44.4,41.3,80.7,edgaras-ulanovas
1271,38,Arnas,Butkevicius,48,ZAL,Zalgiris Kaunas,F,2,0.0,8.1,18.0,24,5.3,1.2,2.6,0.9,0.2,0.1,1.9,71.00,3.4,128.00,1.0,39.00,2.0,77.00,0.5,19.00,0.6,23.00,0.6,2.0,0.4,1.9,1.4,1.7,55.5,50.6,82.6,arnas-butkevicius
1273,38,Ignas,Brazdeikis,48,ZAL,Zalgiris Kaunas,F,2,0.0,3.4,14.8,16,4.8,0.8,1.9,0.2,0.1,0.1,1.9,71.00,5.1,193.00,0.6,22.00,1.7,65.00,0.5,20.00,0.7,26.00,0.6,1.3,0.5,1.4,0.7,1.7,36.8,33.8,76.9,ignas-brazdeikis
1276,41,Laurynas,Birutis,48,ZAL,Zalgiris Kaunas,C,3,0.0,5.6,10.0,10,4.1,0.3,2.4,0.2,0.3,0.2,1.8,72.00,2.5,104.00,0.0,0,0.0,0,0.6,24.00,1.4,59.00,1.0,1.3,0.3,1.0,1.1,0.6,69.2,0.0,40.7,laurynas-birutis
1283,20,Dovydas,Giedraitis,48,ZAL,Zalgiris Kaunas,G,1,0.0,1.9,12.5,4,1.8,1.2,1.4,0.4,0.0,0.1,0.7,14.00,1.9,37.00,0.3,6.00,1.1,21.00,0.1,2.00,0.2,4.00,0.6,0.8,0.6,1.6,0.5,-1.5,37.8,28.6,50.0,dovydas-giedraitis
1320,31,Nigel,Williams-goss,48,ZAL,Zalgiris Kaunas,G,1,0.0,11.6,24.1,29,11.5,3.8,2.4,0.9,0.1,0.5,4.5,140.00,9.8,304.00,1.0,30.00,2.5,78.00,1.5,48.00,2.0,61.00,0.4,2.0,1.5,2.2,2.0,-0.7,46.1,38.5,78.7,nigel-williams-goss
1474,41,Maodo,Lo,48,ZAL,Zalgiris Kaunas,G,1,0.0,7.6,18.0,5,7.0,2.4,1.9,0.5,0.0,0.5,2.4,97.00,5.3,219.00,1.1,45.00,2.8,115.00,1.2,48.00,1.5,60.00,0.5,1.5,1.3,1.3,1.5,1.9,44.3,39.1,80.0,maodo-lo
1635,17,Mantas,Rubstavicius,48,ZAL,Zalgiris Kaunas,G,1,0.0,1.1,4.3,0,1.8,0.2,0.6,0.1,0.0,0.2,0.5,9.00,1.5,25.00,0.4,7.00,0.9,16.00,0.4,6.00,0.4,6.00,0.1,0.5,0.2,0.8,0.4,2.9,36.0,43.8,100.0,mantas-rubstavicius
1801,42,Dustin,Sleva,48,ZAL,Zalgiris Kaunas,F,2,0.0,6.5,18.3,7,6.7,1.0,3.4,0.6,0.1,0.1,2.2,93.00,5.3,222.00,1.2,49.00,2.9,120.00,1.1,47.00,1.5,63.00,1.3,2.1,0.6,3.0,1.4,2.5,41.9,40.8,74.6,dustin-sleva
1936,27,Deividas,Sirvydis,48,ZAL,Zalgiris Kaunas,G,1,0.0,3.8,12.3,5,4.2,0.9,1.4,0.3,0.1,0.1,1.4,39.00,4.0,108.00,0.8,22.00,2.7,74.00,0.5,14.00,0.6,15.00,0.3,1.1,0.6,1.0,0.8,2.4,36.1,29.7,93.3,deividas-sirvydis
2082,42,Sylvain,Francisco,48,ZAL,Zalgiris Kaunas,G,1,0.0,20.4,27.8,35,16.5,6.5,2.9,1.0,0.3,0.5,5.0,209.00,11.4,480.00,2.7,113.00,7.0,293.00,3.9,163.00,4.9,204.00,0.5,2.4,2.8,2.0,4.7,4.6,43.5,38.6,79.9,sylvain-francisco
2236,42,Moses,Wright,48,ZAL,Zalgiris Kaunas,C,3,0.0,18.2,23.6,29,13.2,0.8,6.5,0.6,0.9,0.4,5.2,217.00,8.6,361.00,0.3,11.00,0.9,36.00,2.6,110.00,3.6,150.00,2.4,4.1,1.5,2.0,3.4,2.0,60.1,30.6,73.3,moses-wright
2649,42,Azuolas,Tubelis,48,ZAL,Zalgiris Kaunas,F,2,0.0,13.5,22.7,36,12.1,0.8,4.5,0.5,0.7,0.3,4.9,205.00,8.4,352.00,0.8,32.00,1.9,79.00,1.6,66.00,2.2,93.00,1.5,3.0,1.2,2.7,2.3,2.8,58.2,40.5,71.0,azuolas-tubelis
2877,2,Kajus,Mikalauskas,48,ZAL,Zalgiris Kaunas,G,1,0.0,5.2,9.1,0,2.5,2.5,0.5,1.0,0.0,0.0,1.0,2.00,2.5,5.00,0.5,1.00,1.5,3.00,0.0,0,0.0,0,0.0,0.5,0.5,1.0,1.0,3.5,40.0,33.3,0.0,kajus-mikalauskas
1303,42,Chris,Jones,56,HTA,Hapoel IBI Tel Aviv,G,1,0.0,12.4,20.4,4,10.0,4.2,2.0,0.9,0.0,0.2,3.6,152.00,7.6,318.00,1.4,58.00,3.3,137.00,1.4,57.00,1.5,65.00,0.2,1.9,1.6,1.4,2.1,1.0,47.8,42.3,87.7,chris-jones
1321,16,Yam,Madar,56,HTA,Hapoel IBI Tel Aviv,G,1,0.0,3.3,9.7,5,3.1,1.4,1.1,0.6,0.1,0.3,0.9,15.00,3.3,53.00,0.3,4.00,1.6,25.00,1.0,16.00,1.2,19.00,0.3,0.8,0.4,1.1,1.3,0.1,28.3,16.0,84.2,yam-madar
1367,35,Johnathan,Motley,56,HTA,Hapoel IBI Tel Aviv,C,3,0.0,8.6,14.6,6,8.3,0.9,2.4,0.3,0.2,0.2,3.1,107.00,5.0,174.00,0.6,20.00,1.2,41.00,1.6,56.00,2.2,77.00,0.7,1.6,1.1,2.3,2.3,-0.1,61.5,48.8,72.7,johnathan-motley
1383,40,Vasilije,Micic,56,HTA,Hapoel IBI Tel Aviv,G,1,0.0,12.0,24.1,38,11.5,4.2,2.8,0.9,0.0,0.6,3.9,156.00,9.4,377.00,1.6,63.00,5.1,204.00,2.1,85.00,2.4,95.00,0.2,2.6,2.7,2.6,3.4,1.7,41.4,30.9,89.5,vasilije-micic
1389,38,Elijah,Bryant,56,HTA,Hapoel IBI Tel Aviv,G,1,0.0,21.0,29.5,38,15.4,3.3,5.2,0.7,0.1,0.3,5.4,207.00,10.3,393.00,1.2,45.00,3.2,121.00,3.3,125.00,3.7,140.00,0.9,4.3,2.2,2.1,4.8,3.7,52.7,37.2,89.3,elijah-bryant
1586,14,Tomer,Ginat,56,HTA,Hapoel IBI Tel Aviv,F,2,0.0,3.4,9.8,0,3.3,0.6,1.9,0.4,0.1,0.1,1.4,20.00,3.0,42.00,0.1,1.00,0.7,10.00,0.4,5.00,0.9,13.00,0.2,1.6,0.4,1.4,0.8,-1.8,47.6,10.0,38.5,tomer-ginat
1591,10,Bar,Timor,56,HTA,Hapoel IBI Tel Aviv,G,1,0.0,1.9,5.8,2,2.0,0.6,0.5,0.5,0.0,0.2,0.8,8.00,1.5,15.00,0.3,3.00,0.5,5.00,0.1,1.00,0.1,1.00,0.0,0.5,0.2,0.8,0.1,-0.9,53.3,60.0,100.0,bar-timor
1715,29,Tai,Odiase,56,HTA,Hapoel IBI Tel Aviv,C,3,0.0,4.3,11.9,0,3.5,0.3,1.7,0.4,0.2,0.2,1.4,41.00,2.3,68.00,0.0,0,0.0,0,0.7,20.00,0.9,27.00,0.5,1.2,0.4,1.5,1.1,-0.3,60.3,0.0,74.1,tai-odiase
1998,40,Collin,Malcolm,56,HTA,Hapoel IBI Tel Aviv,F,2,0.0,9.0,24.9,32,6.8,1.0,3.6,0.8,0.4,0.3,2.6,103.00,5.1,204.00,0.9,35.00,2.1,84.00,0.8,31.00,1.0,41.00,0.9,2.7,0.5,1.8,1.3,1.0,50.5,41.7,75.6,collin-malcolm
2214,42,Dan,Oturu,56,HTA,Hapoel IBI Tel Aviv,C,3,0.0,17.7,23.9,42,13.9,0.8,5.6,0.5,1.4,0.6,6.0,252.00,8.5,356.00,0.0,0,0.0,1.00,1.9,81.00,3.0,126.00,2.5,3.2,1.4,2.7,2.8,2.0,70.8,0.0,64.3,dan-oturu
2312,42,Ish,Wainright,56,HTA,Hapoel IBI Tel Aviv,F,2,0.0,4.5,23.0,36,4.2,1.1,2.6,0.9,0.1,0.1,1.5,64.00,4.2,175.00,0.9,38.00,3.0,128.00,0.3,11.00,0.4,15.00,0.8,1.9,0.3,2.6,1.0,1.5,36.6,29.7,73.3,ish-wainright
2315,10,Guy,Palatin,56,HTA,Hapoel IBI Tel Aviv,G,1,0.0,0.2,2.2,0,0.3,0.1,0.5,0.0,0.0,0.0,0.1,1.00,0.2,2.00,0.1,1.00,0.1,1.00,0.0,0,0.0,0,0.2,0.3,0.2,0.5,0.0,-2.0,50.0,100.0,0.0,guy-palatin
2531,12,Levi,Randolph,56,HTA,Hapoel IBI Tel Aviv,F,2,0.0,0.7,10.3,2,2.0,0.3,1.1,0.4,0.0,0.0,0.8,9.00,2.3,27.00,0.2,2.00,0.5,6.00,0.3,4.00,0.6,7.00,0.4,0.7,0.4,1.7,0.7,-0.7,33.3,33.3,57.1,levi-randolph
2583,41,Antonio,Blakeney,56,HTA,Hapoel IBI Tel Aviv,G,1,0.0,11.1,22.6,3,13.2,1.0,2.3,0.4,0.3,0.5,4.4,182.00,9.7,396.00,2.2,90.00,5.5,225.00,2.1,87.00,2.5,103.00,0.5,1.8,1.0,1.3,1.9,1.4,46.0,40.0,84.5,antonio-blakeney
3016,1,Itay,Segev,56,HTA,Hapoel IBI Tel Aviv,C,3,0.0,-1.8,3.0,0,0.0,0.0,0.0,0.0,0.0,0.0,0.0,0,1.0,1.00,0.0,0,0.0,0,0.0,0,0.0,0,0.0,0.0,0.0,2.0,1.0,-7.0,0.0,0.0,0.0,itay-segev
3064,13,Kessler,Edwards,56,HTA,Hapoel IBI Tel Aviv,F,2,0.0,6.0,13.1,0,3.8,0.5,3.4,0.3,0.4,0.2,1.2,15.00,2.5,32.00,0.6,8.00,1.2,15.00,0.8,11.00,1.1,14.00,0.3,3.1,0.5,1.5,0.9,-0.8,46.9,53.3,78.6,kessler-edwards
1382,34,Amath,M'baye,60,PBB,Paris Basketball,F,2,0.0,6.5,17.3,20,7.6,1.0,1.6,0.6,0.1,0.1,2.5,84.00,5.6,191.00,1.0,34.00,2.8,96.00,1.6,55.00,2.0,69.00,0.6,0.9,1.1,1.9,1.9,-2.0,44.0,35.4,79.7,amath-mbaye
1420,21,Daulton,Hommes,60,PBB,Paris Basketball,F,2,0.0,4.5,13.6,7,4.8,0.6,2.0,0.3,0.2,0.0,1.5,31.00,3.2,67.00,1.1,23.00,2.4,51.00,0.8,16.00,1.0,21.00,0.6,1.4,0.6,2.1,1.0,-2.2,46.3,45.1,76.2,daulton-hommes
1453,34,Yakuba,Ouattara,60,PBB,Paris Basketball,G,1,0.0,4.4,16.9,9,6.0,1.1,1.9,0.4,0.1,0.4,2.1,72.00,5.5,187.00,1.1,39.00,2.9,98.00,0.6,21.00,0.8,28.00,0.7,1.2,0.8,1.1,0.6,-2.6,38.5,39.8,75.0,yakuba-ouattara
1654,28,Derek,Willis,60,PBB,Paris Basketball,F,2,0.0,8.4,16.3,7,5.8,1.2,3.9,0.4,0.4,0.2,2.0,57.00,4.5,125.00,0.9,24.00,2.3,65.00,0.9,25.00,1.1,31.00,1.3,2.6,0.5,1.5,1.1,1.3,45.6,36.9,80.6,derek-willis
1961,37,Nadir,Hifi,60,PBB,Paris Basketball,G,1,0.0,18.4,22.3,19,18.9,3.8,2.3,0.9,0.0,0.5,5.9,218.00,14.2,525.00,2.4,87.00,6.7,248.00,4.8,176.00,5.6,209.00,0.3,2.0,2.4,1.9,5.6,-0.1,41.5,35.1,84.2,nadir-hifi
1985,32,Jeremy,Morgan,60,PBB,Paris Basketball,F,2,0.0,6.1,17.7,15,5.3,1.5,2.5,0.8,0.2,0.1,1.8,58.00,4.2,133.00,1.3,41.00,3.0,97.00,0.3,11.00,0.4,14.00,1.0,1.5,0.8,2.1,0.9,2.5,43.6,42.3,78.6,jeremy-morgan
1992,11,Enzo,Shahrvin,60,PBB,Paris Basketball,C,3,0.0,2.3,8.6,0,1.5,0.5,2.5,0.2,0.5,0.1,0.7,8.00,1.2,13.00,0.0,0,0.0,0,0.0,0,0.3,3.00,0.6,1.8,0.6,1.8,0.5,-0.3,61.5,0.0,0.0,enzo-shahrvin
1994,36,Sebastian,Herrera,60,PBB,Paris Basketball,G,1,0.0,5.3,16.4,12,7.6,1.1,1.5,0.6,0.1,0.2,2.5,89.00,6.2,223.00,1.9,68.00,5.1,182.00,0.7,26.00,0.8,29.00,0.4,1.1,0.6,2.0,0.9,1.6,39.9,37.4,89.7,sebastian-herrera
2345,13,Joel,Ayayi,60,PBB,Paris Basketball,G,1,0.0,2.9,10.5,4,2.5,0.8,2.4,0.5,0.0,0.1,1.1,14.00,2.8,37.00,0.4,5.00,1.7,22.00,0.0,0,0.0,0,1.1,1.3,0.7,1.4,0.3,-1.2,37.8,22.7,0.0,joel-ayayi
2506,36,Leopold,Cavaliere,60,PBB,Paris Basketball,F,2,0.0,4.8,14.0,11,3.1,0.8,3.2,0.5,0.1,0.2,1.3,48.00,2.8,99.00,0.2,7.00,0.8,27.00,0.3,9.00,0.4,16.00,1.1,2.1,0.5,1.6,0.9,1.5,48.5,25.9,56.3,leopold-cavaliere
2686,38,Mouhamed,Faye,60,PBB,Paris Basketball,C,3,0.0,7.3,17.2,23,4.6,0.2,5.0,0.4,1.0,0.4,2.0,75.00,3.0,115.00,0.0,0,0.0,0,0.7,25.00,1.3,51.00,2.2,2.8,0.8,2.5,1.3,-0.8,65.2,0.0,49.0,mouhamed-faye
2687,34,Allan,Dokossi,60,PBB,Paris Basketball,F,2,0.0,8.9,16.2,14,5.0,1.6,5.5,1.2,0.1,0.2,2.2,76.00,3.1,106.00,0.0,0,0.0,0,0.5,18.00,1.3,44.00,2.0,3.5,1.8,2.4,1.3,0.4,71.7,0.0,40.9,allan-dokossi
2689,23,Lamar,Stevens,60,PBB,Paris Basketball,F,2,0.0,8.3,20.0,7,9.3,0.8,3.3,0.3,0.6,0.7,3.4,79.00,7.4,171.00,0.9,20.00,2.1,48.00,1.6,37.00,2.0,47.00,1.0,2.4,1.0,2.3,2.0,-4.2,46.2,41.7,78.7,lamar-stevens
2690,36,Justin,Robinson,60,PBB,Paris Basketball,G,1,0.0,15.0,19.0,19,14.6,4.5,1.5,0.9,0.1,0.5,4.4,159.00,10.6,382.00,1.9,68.00,5.5,198.00,3.9,140.00,4.7,169.00,0.3,1.2,2.1,1.9,4.2,0.4,41.6,34.3,82.8,justin-robinson
3018,26,Jared,Rhoden,60,PBB,Paris Basketball,G,1,0.0,8.4,21.3,22,11.1,1.2,2.9,1.0,0.4,0.5,4.0,103.00,9.0,233.00,1.8,46.00,4.5,118.00,1.4,36.00,1.8,46.00,0.8,2.2,1.9,2.5,1.8,-1.6,44.2,39.0,78.3,jared-rhoden
1189,31,Awudu,Abass,75,DUB,Dubai Basketball,F,2,0.0,2.6,16.4,14,3.2,0.5,1.5,0.3,0.1,0.1,1.2,37.00,2.8,87.00,0.5,16.00,1.5,48.00,0.3,9.00,0.5,14.00,0.7,0.8,0.3,1.6,0.4,-0.9,42.5,33.3,64.3,awudu-abass
1210,29,Dwayne,Bacon,75,DUB,Dubai Basketball,F,2,0.0,14.7,29.4,26,16.2,2.4,4.1,0.8,0.2,0.6,5.7,164.00,13.4,389.00,1.3,37.00,4.1,118.00,3.6,104.00,4.6,132.00,0.6,3.5,2.2,2.5,4.3,2.0,42.2,31.4,78.8,dwayne-bacon
1306,27,Klemen,Prepelic,75,DUB,Dubai Basketball,G,1,0.0,3.6,13.4,6,3.6,1.8,1.1,0.4,0.0,0.0,1.0,26.00,2.6,70.00,0.7,18.00,2.1,56.00,1.0,27.00,1.3,34.00,0.1,1.0,0.7,2.5,1.5,0.6,37.1,32.1,79.4,klemen-prepelic
1311,18,Dzanan,Musa,75,DUB,Dubai Basketball,F,2,0.0,16.7,26.7,10,14.3,3.2,3.7,0.6,0.2,0.4,4.6,82.00,9.8,176.00,1.5,27.00,4.2,75.00,3.7,67.00,4.2,76.00,1.3,2.4,1.6,2.0,3.4,-0.8,46.6,36.0,88.2,dzanan-musa
1329,22,Aleksa,Avramovic,75,DUB,Dubai Basketball,G,1,0.0,10.5,17.0,1,9.3,3.0,2.0,1.3,0.1,0.2,3.0,67.00,7.2,159.00,1.4,31.00,4.2,92.00,1.8,40.00,2.3,51.00,0.6,1.4,1.3,1.7,2.2,-1.7,42.1,33.7,78.4,aleksa-avramovic
1410,38,Filip,Petrusev,75,DUB,Dubai Basketball,F,2,0.0,16.2,23.5,30,11.6,1.5,4.8,0.6,0.4,0.3,3.8,144.00,6.9,263.00,0.3,13.00,0.9,33.00,3.7,139.00,4.5,171.00,1.2,3.6,1.1,1.9,3.7,0.1,54.8,39.4,81.3,filip-petrusev
1494,11,Bruno,Caboclo,75,DUB,Dubai Basketball,F,2,0.0,7.6,12.7,0,6.3,0.5,3.1,0.0,0.7,0.1,2.4,26.00,3.2,35.00,0.7,8.00,0.9,10.00,0.8,9.00,1.2,13.00,1.1,2.0,0.5,2.9,1.1,1.1,74.3,80.0,69.2,bruno-caboclo
1517,14,Nemanja,Dangubic,75,DUB,Dubai Basketball,F,2,0.0,0.6,7.7,4,1.1,0.4,1.6,0.0,0.0,0.1,0.5,7.00,1.4,20.00,0.1,1.00,0.4,5.00,0.1,1.00,0.2,3.00,0.8,0.9,0.1,1.8,0.4,-0.9,35.0,20.0,33.3,nemanja-dangubic
1752,28,Kenan,Kamenjas,75,DUB,Dubai Basketball,C,3,0.0,6.2,10.9,3,4.1,0.5,3.4,0.3,0.0,0.2,1.6,45.00,2.9,82.00,0.0,0,0.1,2.00,0.9,25.00,1.3,37.00,1.3,2.1,0.6,1.3,1.3,-2.5,54.9,0.0,67.6,kenan-kamenjas
2000,38,Mckinley,Wright Iv,75,DUB,Dubai Basketball,G,1,0.0,16.7,29.6,38,12.7,6.1,2.7,1.0,0.2,0.6,4.5,172.00,8.8,333.00,0.7,28.00,1.9,74.00,2.9,110.00,3.4,129.00,0.4,2.3,2.0,2.8,3.1,2.2,51.7,37.8,85.3,mckinley-wright-iv
2226,33,Justin,Anderson,75,DUB,Dubai Basketball,F,2,0.0,6.7,23.5,12,6.1,1.3,3.0,0.4,0.5,0.1,2.1,69.00,4.5,148.00,1.1,36.00,2.7,88.00,0.8,28.00,1.0,32.00,0.8,2.2,0.6,2.6,0.7,-0.3,46.6,40.9,87.5,justin-anderson
2229,36,Mfiondu,Kabengele,75,DUB,Dubai Basketball,C,3,0.0,18.4,22.2,35,14.2,1.2,6.1,0.7,0.7,0.3,5.5,197.00,9.7,350.00,0.6,21.00,1.8,65.00,2.7,96.00,3.3,117.00,2.0,4.1,1.0,2.6,3.2,1.7,56.3,32.3,82.1,mfiondu-kabengele
2648,29,Davis,Bertans,75,DUB,Dubai Basketball,F,2,0.0,5.8,18.6,4,8.0,1.1,2.4,0.1,0.4,0.0,2.4,71.00,6.9,199.00,1.9,56.00,5.8,167.00,1.2,34.00,1.4,40.00,0.5,1.9,0.5,2.2,0.9,0.9,35.7,33.5,85.0,davis-bertans
2667,16,Kosta,Kondic,75,DUB,Dubai Basketball,G,1,0.0,3.8,11.8,3,4.4,1.1,1.3,0.8,0.0,0.2,1.4,22.00,3.4,54.00,0.8,12.00,2.4,38.00,0.9,15.00,1.1,17.00,0.3,0.9,0.4,2.1,1.1,-1.8,40.7,31.6,88.2,kosta-kondic
